"RCTrack","RCDate","RCRace","AeMto","Weight","Horse","FD","TripleCrown","Sex","YBorn","MBorn","State","Breeder","Color","Sire","SireSire","Dam","DamSire","Owner","Sale","SaleYear","SalePrice","LastRaced","Bute","Lasix","Blinker","ClaimPrice","Apprentice","Jockey","Trainer","PostPosition","CYEarnings","CYStarts","CYWins","CYPlaces","CYShows","PYEarnings","PYStarts","PYWins","PYPlaces","PYShows","Earnings","Starts","Wins","Places","Shows","WEarnings","WStarts","WWins","WPlaces","WShows","TEarnings","TStarts","TWins","TPlaces","TShows","DEarnings","DStarts","DWins","DPlaces","DShows","TrkEarnings","TrkStarts","TrkWins","TrkPlaces","TrkShows","DistEarnings","DistStarts","DistWins","DistPlaces","DistShows","Entry","JockMeetStarts","JockMeetEarnings","JockMeetWins","JockMeetPlaces","JockMeetShows","JockMeetWinPct","JockMeetMoneyPct","JockYTDStarts","JockYTDEarnings","JockYTDWins","JockYTDPlaces","JockYTDShows","JockYTDWinPct","JockYTDMoneyPct","TrainerMeetStarts","TrainerMeetEarnings","TrainerMeetWins","TrainerMeetPlaces","TrainerMeetShows","TrainerMeetWinPct","TrainerMeetMoneyPct","TrainerYTDStarts","TrainerYTDEarnings","TrainerYTDWins","TrainerYTDPlaces","TrainerYTDShows","TrainerYTDWinPct","TrainerYTDMoneyPct","QtrStarts","QtrEarnings","QtrWins","QtrPlaces","QtrShows","EnteredTrack","EnteredDate","EnteredRace","StatsPriorYear","StudFee","Scratch","JTTrackPeriod","JTTrackStarts","JTTrackEarnings","JTTrackWinPct","JTAllStarts","JTAllWinPct","JTAllRoi"
"Pim",05/21/2016,1,"",120,"Young Dude","D","N","g",2009,3,"Ky","Dennis R. Ejack and Keith Johns","B.","Posse","Silver Deputy","Inherit","Broad Brush","William S. McCarthy","",0,0.000,04/02/2016,"","L","",0.00,0,"Pedroza B","Daniels Patrick B",1,13.380,3,1,1,0,62.440,12,5,3,2,143.561,41,10,7,5,9.900,4,1,0,0,31.809,6,2,2,0,111.752,35,8,5,5,12.600,3,1,1,0,38.909,9,3,2,1,"",4,0.000,2,0,1,0.50,0.75,108,0.000,10,18,15,0.09,0.40,0,0.000,0,0,0,0.00,0.00,10,0.000,3,1,0,0.30,0.40,0,0.000,0,0,0,"PIM",05/20/16,14,11/22/2015,5.000,"N","2015-16",0,0.00,0.00,1,0.00,0.00
"Pim",05/21/2016,1,"",120,"No Brakes","D","N","g",2005,5,"Md","John Franzone Jr. Racing Inc.","Dk. b or br","Parker's Storm Cat","Storm Cat","All Apologies","Mahogany Hall","T D C B E Stable & Wayne Potts","",0,0.000,04/30/2016,"","L","",0.00,0,"Perez X","Potts Wayne",2,21.400,6,1,2,1,72.663,18,5,2,5,384.478,101,20,23,16,56.980,19,1,6,4,0.205,3,0,0,0,384.273,98,20,23,16,77.689,15,3,5,3,181.599,41,7,12,6,"",10,0.000,2,0,0,0.20,0.20,178,0.000,11,16,22,0.06,0.28,8,0.000,0,0,0,0.00,0.00,223,0.000,22,34,32,0.10,0.39,0,0.000,0,0,0,"",,0,12/27/2015,2.000,"N","2015-16",0,0.00,0.00,65,0.15,1.68
"Pim",05/21/2016,1,"",120,"Homeboykris","D","Y","g",2007,2,"Md","Dark Hollow Farm & William Paca Beatson","B.","Roman Ruler","Fusaichi Pegasus","One Last Salute","Salutely","Stirrup Trouble LLC","",0,0.000,04/17/2016,"","L","",0.00,0,"Karamanos H A","Campitelli Francis P",3,20.525,3,1,0,0,27.500,8,2,0,1,541.454,62,13,10,5,97.995,13,4,0,4,3.150,4,0,0,0,538.304,58,13,10,5,0.000,0,0,0,0,1.050,1,0,0,0,"",17,0.000,1,3,6,0.06,0.59,261,0.000,43,33,44,0.16,0.46,3,0.000,0,0,0,0.00,0.00,26,0.000,2,5,3,0.08,0.38,0,0.000,0,0,0,"",,0,12/31/2015,0.000,"N","2015-16",0,0.00,0.00,8,0.13,2.93
"Pim",05/21/2016,1,"",120,"Aridus","D","N","g",2007,4,"Ky","Highclere","B.","Dynaformer","Roberto","Leh She Run","Pulpit","Gerald E. Brooks","",0,0.000,03/26/2016,"","L","",0.00,0,"Toledo J","Brooks Gerald E",4,0.300,2,0,0,0,41.550,14,1,5,1,188.293,46,6,11,5,12.450,4,1,0,0,56.223,16,2,1,0,132.070,30,4,10,5,0.000,0,0,0,0,17.800,5,0,3,0,"",20,0.000,4,4,0,0.20,0.40,338,0.000,45,55,39,0.13,0.41,2,0.000,1,0,0,0.50,0.50,119,0.000,18,25,19,0.15,0.52,0,0.000,0,0,0,"PIM",05/20/16,14,12/11/2015,150.000,"N","2015-16",1,12.00,1.00,51,0.25,3.53
"Pim",05/21/2016,1,"",122,"Golden Rings","D","N","g",2011,3,"Ky","Summer Wind Farm","Ch.","Birdstone","Grindstone","Five Gold Rings","Touch Gold","Rob Ry Farm & Jayne Marie Slysz","",0,0.000,04/23/2016,"","L","",0.00,0,"Lynch F","Houghton Dove P",5,20.520,3,2,0,0,16.530,5,1,0,1,169.932,25,9,1,6,3.300,1,0,0,1,0.000,0,0,0,0,169.932,25,9,1,6,31.450,3,2,0,1,37.900,5,2,0,1,"",23,0.000,4,5,4,0.17,0.57,203,0.000,22,20,23,0.11,0.32,5,0.000,0,1,1,0.00,0.40,34,0.000,2,4,2,0.06,0.24,0,0.000,0,0,0,"",,0,08/26/2015,5.000,"N","2015-16",1,0.00,0.00,2,0.00,0.00
"Pim",05/21/2016,1,"",122,"Double Whammy","D","N","h",2011,3,"Ky","Peachtree Farm","Dk. b or br","Arch","Kris S.","Falling Springs","Mr. Prospector","Cohav Stables Inc.","",0,0.000,04/29/2016,"","L","",0.00,0,"Hole T M","Eppler Mary E",6,68.800,5,2,2,0,32.610,11,1,1,3,152.163,24,5,5,3,35.630,5,1,1,1,36.323,9,1,1,1,115.840,15,4,4,2,9.000,3,0,0,1,61.350,10,1,4,2,"",10,0.000,0,0,0,0.00,0.00,190,0.000,16,30,19,0.08,0.34,6,0.000,0,2,2,0.00,0.67,101,0.000,15,20,14,0.15,0.49,0,0.000,0,0,0,"PIM",05/20/16,14,12/18/2015,0.000,"N","2015-16",1,0.00,0.00,82,0.20,2.40
"Pim",05/21/2016,1,"",113,"Who Stole My Sock","D","N","g",2011,5,"Md","Dr. Fred Lewis","Dk. b or br","Scipion","A.P. Indy","Tricky Luck","Norquestor","Lewis Family Racing Stable","",0,0.000,05/08/2016,"","L","",0.00,7,"Glaser L","Mancilla Carlos A",7,17.486,5,0,3,0,23.375,13,0,3,2,78.346,31,1,7,4,2.820,3,0,0,0,0.000,2,0,0,0,78.346,29,1,7,4,22.103,5,1,0,0,1.080,1,0,0,0,"",21,0.000,1,1,3,0.05,0.24,173,0.000,19,24,19,0.11,0.36,0,0.000,0,0,0,0.00,0.00,20,0.000,3,4,1,0.15,0.40,0,0.000,0,0,0,"",,0,12/20/2015,2.500,"N","2015-16",0,0.00,0.00,9,0.22,4.49
"Pim",05/21/2016,1,"",115,"Start Jumping","D","N","g",2010,3,"Ky","John O'Meara","Dk. b or br","Jump Start","A.P. Indy","Rootintootinnany","Kris S.","Sola Dei Gloria Stable","",0,0.000,04/15/2016,"","L","",0.00,5,"Luzzi L J","McMahon Hugh I",8,30.720,4,2,1,0,23.560,11,1,1,1,304.880,36,9,6,6,79.400,7,2,0,1,0.000,0,0,0,0,304.880,36,9,6,6,0.000,0,0,0,0,104.340,11,4,0,2,"",16,0.000,1,1,3,0.06,0.31,304,0.000,33,32,44,0.11,0.36,4,0.000,2,0,0,0.50,0.50,95,0.000,19,14,15,0.20,0.51,0,0.000,0,0,0,"",,0,12/11/2015,10.000,"N","2015-16",1,0.00,0.00,20,0.15,1.27
"Pim",05/21/2016,1,"",120,"Steve Came Thru","D","N","g",2011,5,"Ky","Knight R. B. Stables LLC","Dk. b or br","Stephen Got Even","A.P. Indy","Wonderwho'sbest","Three Wonders","Frank Langdon, III","",0,0.000,05/08/2016,"","L","",0.00,0,"McCarthy T","O'Connell Kathleen",9,24.400,7,2,2,2,4.260,6,0,1,1,90.866,30,5,5,5,30.502,4,2,0,1,2.350,3,0,0,1,88.516,27,5,5,4,0.000,0,0,0,0,42.910,10,3,2,1,"",23,0.000,5,8,1,0.22,0.61,420,0.000,77,83,59,0.18,0.52,0,0.000,0,0,0,0.00,0.00,281,0.000,39,39,31,0.14,0.39,0,0.000,0,0,0,"",,0,12/30/2015,0.000,"N","2015-16",0,0.00,0.00,29,0.10,0.83
"Pim",05/21/2016,2,"",119,"Private Client","D","N","f",2013,4,"Ky","Elevage, LLC","B.","Kitten's Joy","El Prado*Ire","Motokiks","Storm Cat","Heider Family Stables LLC","",0,0.000,04/23/2016,"","L","",0.00,0,"Lezcano J","Proctor Thomas F",1,12.000,1,0,1,0,0.000,0,0,0,0,12.000,1,0,1,0,0.000,0,0,0,0,12.000,1,0,1,0,0.000,0,0,0,0,0.000,0,0,0,0,12.000,1,0,1,0,"",0,0.000,0,0,0,0.00,0.00,292,0.000,37,32,47,0.13,0.40,2,0.000,1,0,1,0.50,1.00,134,0.000,20,17,22,0.15,0.44,0,0.000,0,0,0,"",,0,,100.000,"N","2015-16",0,0.00,0.00,17,0.18,1.84
"Pim",05/21/2016,2,"",124,"Nimble Foot","F","N","f",2012,3,"Ire","Lynch Bages Ltd & Camas Park Stud","Ch.","Danehill Dancer*Ire","Danehill","Nasanice*Ire","Nashwan","Colts Neck Stables LLC","",0,0.000,04/09/2016,"","L","",0.00,0,"Toledo J","Goldberg Alan E",2,4.400,1,0,0,1,22.957,7,0,0,2,28.816,9,0,0,4,0.000,0,0,0,0,28.816,9,0,0,4,0.000,0,0,0,0,0.000,0,0,0,0,5.070,2,0,0,0,"",20,0.000,4,4,0,0.20,0.40,338,0.000,45,55,39,0.13,0.41,1,0.000,0,0,0,0.00,0.00,44,0.000,11,3,6,0.25,0.45,0,0.000,0,0,0,"",,0,09/19/2015,33.525,"N","2015-16",2,0.00,0.00,23,0.35,2.70
"Pim",05/21/2016,2,"",119,"Cherub","D","N","f",2013,2,"Ky","Woodford Thoroughbreds","B.","Giant's Causeway","Storm Cat","Bless","Mr. Prospector","David DiPietro","KEESEP",14,110.000,04/23/2016,"","L","",0.00,0,"Saez L","Sharp Joe",3,14.510,3,0,1,1,2.220,1,0,0,0,16.730,4,0,1,1,0.000,0,0,0,0,13.400,2,0,1,1,3.330,2,0,0,0,0.000,0,0,0,0,6.000,1,0,0,1,"",0,0.000,0,0,0,0.00,0.00,592,0.000,89,87,81,0.15,0.43,1,0.000,0,0,0,0.00,0.00,290,0.000,42,50,42,0.14,0.46,0,0.000,0,0,0,"",,0,12/27/2015,85.000,"N","2015-16",0,0.00,0.00,39,0.15,2.38
"Pim",05/21/2016,2,"",119,"Lady Arielle's Key","D","N","f",2013,3,"NY","Michael Bronzino","Ch.","Indygo Shiner","A.P. Indy","Forest Key","Green Forest","Mike Anderson Racing LLC","OBSAUG",14,50.000,04/09/2016,"","l","",0.00,0,"Rodriguez G","Morris Neil R",4,0.000,1,0,0,0,0.000,0,0,0,0,0.000,1,0,0,0,0.000,0,0,0,0,0.000,1,0,0,0,0.000,0,0,0,0,0.000,0,0,0,0,0.000,0,0,0,0,"",9,0.000,0,0,2,0.00,0.22,173,0.000,16,14,31,0.09,0.35,4,0.000,0,0,1,0.00,0.25,34,0.000,4,2,6,0.12,0.35,0,0.000,0,0,0,"",,0,,8.500,"N","2015-16",3,0.00,0.00,7,0.14,0.74
"Pim",05/21/2016,2,"",119,"Tapit Together","D","N","f",2013,4,"Ky","Augustin Stable","B.","Tapit","Pulpit","Forever Together","Belong to Me","Augustin Stable","",0,0.000,01/24/2016,"","L","",0.00,0,"Leparoux J R","Matz Michael R",5,5.600,2,0,0,1,2.250,1,0,0,0,7.850,3,0,0,1,0.000,0,0,0,0,7.850,3,0,0,1,0.000,0,0,0,0,0.000,0,0,0,0,3.850,2,0,0,0,"",0,0.000,0,0,0,0.00,0.00,365,0.000,69,39,47,0.19,0.42,3,0.000,1,1,0,0.33,0.67,88,0.000,8,11,7,0.09,0.30,0,0.000,0,0,0,"",,0,10/23/2015,300.000,"N","2015-16",0,0.00,0.00,22,0.09,1.27
"Pim",05/21/2016,2,"",119,"Thissongisaboutyou","D","N","f",2013,4,"Md","R. Larry Johnson","B.","Street Magician","Street Cry*Ire","So Vain","Mr. Greeley","R. Larry Johnson","",0,0.000,04/29/2016,"","L","",0.00,0,"Pimentel J","Trombetta Michael J",6,27.560,3,0,2,1,0.000,0,0,0,0,27.560,3,0,2,1,0.000,0,0,0,0,0.000,0,0,0,0,27.560,3,0,2,1,0.000,0,0,0,0,0.000,0,0,0,0,"",9,0.000,2,2,2,0.22,0.67,109,0.000,19,18,17,0.17,0.50,11,0.000,0,1,2,0.00,0.27,212,0.000,33,40,31,0.16,0.49,0,0.000,0,0,0,"",,0,,3.000,"N","2015-16",46,1.04,0.11,219,0.15,1.39
"Pim",05/21/2016,2,"",124,"Weatherurnot","D","N","f",2012,4,"Md","Dr. & Mrs. Thomas Bowman & Dr. Brooke Bowman","Dk. b or br","Dance With Ravens","A.P. Indy","Merriweather","Opening Verse","Estate of Gretchen B. Mobberley","EASSEP",13,25.000,04/17/2016,"","L","",0.00,0,"Serpa A","Salzman John E Jr",7,9.320,3,0,0,1,5.600,5,0,0,0,14.920,8,0,0,1,0.000,0,0,0,0,1.200,2,0,0,0,13.720,6,0,0,1,0.000,0,0,0,0,1.200,1,0,0,0,"",11,0.000,0,3,1,0.00,0.36,159,0.000,8,14,25,0.05,0.30,1,0.000,0,0,0,0.00,0.00,22,0.000,3,6,3,0.14,0.55,0,0.000,0,0,0,"",,0,12/06/2015,0.000,"N","2015-16",0,0.00,0.00,2,0.00,0.00
"Pim",05/21/2016,2,"",119,"Queen Caroline","D","N","f",2013,4,"Va","Morgan's Ford Farm","Dk. b or br","Blame","Arch","Queens Plaza","Forestry","Amy Moore","KEESEP",14,170.000,04/21/2016,"","L","",0.00,0,"Velazquez J R","Matz Michael R",8,17.560,2,0,2,0,1.832,2,0,0,0,19.392,4,0,2,0,1.500,1,0,0,0,17.560,2,0,2,0,1.832,2,0,0,0,0.000,0,0,0,0,9.960,1,0,1,0,"",0,0.000,0,0,0,0.00,0.00,333,0.000,69,44,43,0.21,0.47,3,0.000,1,1,0,0.33,0.67,88,0.000,8,11,7,0.09,0.30,0,0.000,0,0,0,"",,0,10/29/2015,25.000,"N","2015-16",0,0.00,0.00,22,0.09,0.68
"Pim",05/21/2016,2,"",119,"Vizi Girl","D","N","f",2013,5,"Ky","Hare Forest Farm, Ltd.","Dk. b or br","Kitten's Joy","El Prado*Ire","Express Chick","Hennessy","Hare Forest Farm","",0,0.000,04/17/2016,"","L","",0.00,0,"Carrasco V R","Rubley Kelly",9,0.000,1,0,0,0,0.000,1,0,0,0,0.000,2,0,0,0,0.000,0,0,0,0,0.000,2,0,0,0,0.000,0,0,0,0,0.000,0,0,0,0,0.000,2,0,0,0,"",27,0.000,2,6,3,0.07,0.41,409,0.000,71,57,51,0.17,0.44,0,0.000,0,0,0,0.00,0.00,30,0.000,1,5,5,0.03,0.37,0,0.000,0,0,0,"",,0,11/22/2015,100.000,"N","2015-16",0,0.00,0.00,3,0.00,0.00
"Pim",05/21/2016,2,"",119,"Anissa","D","N","f",2013,3,"Pa","Golden Oak Farm LLC","Dk. b or br","Gio Ponti","Tale of the Cat","Jet Away Jane","Unbridled Jet","Jerry Romans, Charlie Spiring & Zoom and","EASSEP",14,40.000,04/24/2016,"","L","",0.00,0,"Prado E S","Smith Hamilton A",10,2.400,1,0,0,0,18.000,3,0,2,0,20.400,4,0,2,0,0.000,0,0,0,0,16.800,2,0,2,0,3.600,2,0,0,0,0.000,0,0,0,0,8.400,1,0,1,0,"",15,0.000,4,2,4,0.27,0.67,148,0.000,18,23,18,0.12,0.40,11,0.000,4,0,0,0.36,0.36,82,0.000,14,5,11,0.17,0.37,0,0.000,0,0,0,"",,0,11/22/2015,12.500,"N","2015-16",2,1.70,0.50,2,0.50,1.70
"Pim",05/21/2016,2,"",124,"Reggae Song","D","N","f",2012,1,"Ky","Pollock Farms and Hugh Owen","Gr/ro","Speightstown","Gone West","Queen of Song","Unbridled's Song","Crossed Sabres Farm","KEESEP",13,70.000,03/30/2016,"","L","",0.00,0,"Juarez N","Vitali Marcus J",11,15.920,3,0,2,0,0.000,0,0,0,0,15.920,3,0,2,0,0.000,0,0,0,0,15.920,3,0,2,0,0.000,0,0,0,0,0.000,0,0,0,0,0.000,0,0,0,0,"",8,0.000,1,1,1,0.13,0.38,326,0.000,46,55,44,0.14,0.44,13,0.000,3,1,2,0.23,0.46,141,0.000,26,19,19,0.18,0.45,0,0.000,0,0,0,"",,0,,100.000,"N","2015-16",6,0.67,0.17,95,0.21,2.07
"Pim",05/21/2016,2,"",119,"Double Espresso","F","N","f",2013,5,"Ire","Mr T. Jones","B.","Mastercraftsman*Ire","Danehill Dancer*Ire","Bon Expresso*Ire","Spectrum*Ire","Slam Dunk Racing, Steven Keh & Gary Vacc","",0,0.000,04/23/2016,"","L","",0.00,0,"Gutierrez Mario","O'Neill Doug",12,9.960,1,0,1,0,2.947,2,0,1,0,12.907,3,0,2,0,0.000,0,0,0,0,9.960,1,0,1,0,2.947,2,0,1,0,0.000,0,0,0,0,9.960,1,0,1,0,"",0,0.000,0,0,0,0.00,0.00,234,0.000,33,41,30,0.14,0.44,0,0.000,0,0,0,0.00,0.00,254,0.000,46,38,27,0.18,0.44,0,0.000,0,0,0,"",,0,12/04/2015,37.602,"N","2015-16",0,0.00,0.00,269,0.22,1.97
"Pim",05/21/2016,2,"",119,"Believe Indeed","D","N","f",2013,5,"Ky","Mr. & Mrs. Bertram R. Firestone","B.","Posse","Silver Deputy","True Believer","Smart Strike","Mr. & Mrs. Bertram R. Firestone","",0,0.000,04/30/2016,"","L","",0.00,0,"Centeno D E","Delacour Arnaud",13,4.450,3,0,1,0,0.000,0,0,0,0,4.450,3,0,1,0,0.000,0,0,0,0,4.200,2,0,1,0,0.250,1,0,0,0,0.000,0,0,0,0,0.000,0,0,0,0,"",0,0.000,0,0,0,0.00,0.00,399,0.000,91,77,64,0.23,0.58,0,0.000,0,0,0,0.00,0.00,96,0.000,26,11,17,0.27,0.56,0,0.000,0,0,0,"",,0,,5.000,"N","2015-16",2,0.00,0.00,114,0.32,2.40
"Pim",05/21/2016,3,"",120,"All Alone","D","N","g",2011,3,"Md","Dr. & Mrs. Bruce C. Wells","Dk. b or br","Oratory","Pulpit","The Cat's Out","Reputed Testamony","Bruce Wells","",0,0.000,05/08/2016,"","L","",0.00,0,"Llagas W E","Davis Samuel G",1,2.520,1,0,0,0,68.303,9,3,0,2,70.823,10,3,0,2,28.853,4,1,0,2,26.150,4,1,0,0,44.673,6,2,0,2,1.800,1,0,0,0,1.800,1,0,0,0,"",3,0.000,0,0,0,0.00,0.00,15,0.000,1,1,0,0.07,0.13,1,0.000,0,0,0,0.00,0.00,14,0.000,1,0,1,0.07,0.14,0,0.000,0,0,0,"",,0,10/17/2015,3.500,"N","2015-16",4,0.00,0.00,24,0.08,1.88
"Pim",05/21/2016,3,"",120,"Good Luck Gus","D","Y","c",2012,4,"NY","Fred W. Hertrich III","B.","Lookin At Lucky","Smart Strike","Tacticmove","Deputy Minister","Michael Dubb, Bethlehem Stables LLC & Th","SARAUG",13,97.000,04/09/2016,"","L","",0.00,0,"Saez L","Rodriguez Rudy R",2,66.000,2,1,0,0,202.037,5,1,1,1,598.096,14,5,3,1,217.059,4,2,1,1,0.000,0,0,0,0,598.096,14,5,3,1,0.000,0,0,0,0,138.037,4,2,0,1,"",0,0.000,0,0,0,0.00,0.00,592,0.000,89,87,81,0.15,0.43,7,0.000,1,2,1,0.14,0.57,244,0.000,58,44,38,0.24,0.57,0,0.000,0,0,0,"",,0,12/31/2015,20.000,"N","2015-16",0,0.00,0.00,27,0.26,3.54
"Pim",05/21/2016,3,"",115,"Combat Diver","D","Y","c",2012,2,"Md","Dark Hollow Farm","Ch.","Line of David","Lion Heart","Safe Journey","Flatter","Phantom Racing Stables LLC","EASMAY",14,100.000,04/22/2016,"","L","",0.00,5,"Luzzi L J","Potts Wayne",3,54.946,5,2,2,1,41.450,7,0,2,1,142.696,15,3,4,2,8.000,3,0,0,1,0.300,1,0,0,0,142.396,14,3,4,2,0.000,0,0,0,0,77.730,6,2,1,1,"",16,0.000,1,1,3,0.06,0.31,304,0.000,33,32,44,0.11,0.36,8,0.000,0,0,0,0.00,0.00,223,0.000,22,34,32,0.10,0.39,0,0.000,0,0,0,"",,0,11/11/2015,3.500,"N","2015-16",3,0.00,0.00,17,0.06,0.26
"Pim",05/21/2016,3,"",120,"Photogenic","D","N","g",2010,4,"Md","Ayres Fountain Spring Farm","Ch.","Fantasticat","Storm Cat","Belle of Claxton","Devil His Due","Richard J. Hackerman","",0,0.000,04/17/2016,"","L","",0.00,0,"Hole T M","Dilodovico Damon R",4,8.170,4,0,1,1,20.400,9,1,1,1,93.600,47,4,4,7,11.070,7,1,0,0,0.000,1,0,0,0,93.600,46,4,4,7,39.440,11,2,2,1,20.725,7,1,1,2,"",10,0.000,0,0,0,0.00,0.00,190,0.000,16,30,19,0.08,0.34,3,0.000,0,0,0,0.00,0.00,45,0.000,2,9,4,0.04,0.33,0,0.000,0,0,0,"",,0,12/20/2015,0.000,"N","2015-16",0,0.00,0.00,18,0.00,0.00
"Pim",05/21/2016,3,"",120,"Colton's Grand","D","N","g",2012,4,"WV","Nancy E. Brown","B.","Grand Reserve","Theatrical*Ire","She's My Buckaroo","Buckaroo","William B. Bayne, Jr.","",0,0.000,05/08/2016,"","L","",0.00,0,"Serpa A","Campbell William A",5,20.020,7,2,0,2,12.260,5,1,0,0,32.380,13,3,0,2,4.510,2,0,0,2,0.000,2,0,0,0,32.380,11,3,0,2,0.000,0,0,0,0,0.000,0,0,0,0,"",11,0.000,0,3,1,0.00,0.36,159,0.000,8,14,25,0.05,0.30,1,0.000,0,0,0,0.00,0.00,21,0.000,5,2,4,0.24,0.52,0,0.000,0,0,0,"",,0,12/19/2015,1.000,"N","2015-16",0,0.00,0.00,0,0.00,0.00
"Pim",05/21/2016,3,"",119,"Jump Jive an Wail","D","N","c",2013,4,"Md","James Bryant & Linda Davis","B.","Jump Start","A.P. Indy","Snunner","Yarrow Brae","Jalin Stable & James M. Courtney","",0,0.000,04/30/2016,"","L","",0.00,0,"Carrasco V R","Eppler Mary E",6,52.000,4,1,1,2,0.000,1,0,0,0,52.000,5,1,1,2,0.000,1,0,0,0,0.000,0,0,0,0,52.000,5,1,1,2,0.000,0,0,0,0,41.080,3,1,0,2,"",27,0.000,2,6,3,0.07,0.41,409,0.000,71,57,51,0.17,0.44,6,0.000,0,2,2,0.00,0.67,101,0.000,15,20,14,0.15,0.49,0,0.000,0,0,0,"",,0,11/29/2015,10.000,"N","2015-16",2,0.00,0.00,10,0.10,0.42
"Pim",05/21/2016,3,"",117,"Big House","D","N","g",2012,3,"Ky","Kuehne Racing","Dk. b or br","Eskendereya","Giant's Causeway","Not in My House","Chester House","Tage Boohit","",0,0.000,05/07/2016,"","L","",0.00,7,"Gomez K","Gonzalez Claudio A",7,64.470,7,3,1,2,10.010,8,0,0,1,74.480,15,3,1,3,22.610,5,1,1,1,0.000,1,0,0,0,74.480,14,3,1,3,0.000,0,0,0,0,21.560,4,1,1,0,"",11,0.000,3,0,2,0.27,0.45,175,0.000,17,20,24,0.10,0.35,7,0.000,2,0,2,0.29,0.57,149,0.000,28,19,26,0.19,0.49,0,0.000,0,0,0,"",,0,12/20/2015,0.000,"N","2015-16",3,7.07,0.67,48,0.13,1.05
"Pim",05/21/2016,3,"",115,"Dothat Dance","D","N","g",2013,2,"Ky","Chandley Farm LLC","B.","Louis Quatorze","Sovereign Dancer","Guess the Dance","Austin Powers*Ire","Charisma Stable, LLC","",0,0.000,04/13/2016,"","L","",0.00,0,"Cintron A","Smith Hamilton A",8,33.434,5,1,0,2,13.398,5,0,0,1,46.832,10,1,0,3,10.400,2,0,0,1,1.600,1,0,0,0,45.232,9,1,0,3,0.000,0,0,0,0,32.134,5,1,0,1,"",16,0.000,3,1,3,0.19,0.44,156,0.000,21,19,15,0.13,0.35,11,0.000,4,0,0,0.36,0.36,82,0.000,14,5,11,0.17,0.37,0,0.000,0,0,0,"",,0,11/28/2015,2.500,"N","2015-16",4,7.00,0.50,14,0.43,6.76
"Pim",05/21/2016,3,"",120,"Cat Fiftyfive","D","Y","c",2012,3,"Va","Corner Farm & John T. Behrendt","Gr/ro","Tale of the Cat","Storm Cat","Chemise","Secret Hello","Matthew Schera","FTSAUG",13,185.000,04/29/2016,"","L","",0.00,0,"Cruz A","Lawrence James L II",9,20.060,5,0,2,0,30.150,2,1,0,0,50.210,7,1,2,0,26.400,1,1,0,0,3.360,2,0,0,0,46.850,5,1,2,0,0.000,0,0,0,0,5.900,1,0,1,0,"",13,0.000,0,3,1,0.00,0.31,138,0.000,15,18,16,0.11,0.36,4,0.000,0,0,0,0.00,0.00,61,0.000,6,12,5,0.10,0.38,0,0.000,0,0,0,"",,0,12/09/2014,30.000,"N","2015-16",1,0.00,0.00,17,0.12,1.31
"Pim",05/21/2016,3,"",120,"Unbridled Lion","D","N","g",2012,4,"Md","Black Fox Farm","Dk. b or br","Lion Hearted","Storm Cat","Lucky Bridle","Unbridled Jet","JoAnn Smith","",0,0.000,05/08/2016,"","L","",0.00,0,"Karamanos H A","Smith Hamilton A",10,2.520,2,0,0,0,46.280,6,1,1,1,49.600,9,1,1,1,29.640,1,1,0,0,0.000,3,0,0,0,49.600,6,1,1,1,46.280,3,1,1,1,40.560,2,1,1,0,"",17,0.000,1,3,6,0.06,0.59,261,0.000,43,33,44,0.16,0.46,11,0.000,4,0,0,0.36,0.36,82,0.000,14,5,11,0.17,0.37,0,0.000,0,0,0,"",,0,08/22/2015,2.500,"N","2015-16",0,0.00,0.00,9,0.00,0.00
"Pim",05/21/2016,3,"",120,"Dattt Melody","D","N","g",2010,3,"Ky","DATTT Farm, LLC","Ch.","Unbridled's Song","Unbridled","Score","A.P. Indy","Soggy Dollar Racing LLC & Shane Moore","",0,0.000,08/22/2014,"","L","",0.00,0,"Ortiz Y O","Doran Carl",11,39.090,9,2,1,0,26.672,4,1,0,0,65.762,13,3,1,0,38.650,5,2,0,0,7.340,4,0,1,0,58.422,9,3,0,0,0.000,0,0,0,0,20.640,4,1,0,0,"",15,0.000,1,1,1,0.07,0.20,179,0.000,18,16,22,0.10,0.31,1,0.000,0,1,0,0.00,1.00,15,0.000,4,2,1,0.27,0.47,0,0.000,0,0,0,"",,0,12/12/2013,60.000,"N","2015-16",0,0.00,0.00,1,0.00,0.00
"Pim",05/21/2016,4,"",120,"Rachel Wall","D","N","f",2012,5,"Ky","Stone Farm & John H. Adger","B.","Blame","Arch","Ocean Moon","Malibu Moon","The Buttonwood Group","KEESEP",13,85.000,10/07/2015,"","L","",0.00,0,"McCarthy T","Motion H Graham",1,62.621,7,2,1,1,0.000,0,0,0,0,62.621,7,2,1,1,0.000,0,0,0,0,14.421,3,0,1,0,48.200,4,2,0,1,0.000,0,0,0,0,14.250,2,0,1,0,"",23,0.000,5,8,1,0.22,0.61,420,0.000,77,83,59,0.18,0.52,2,0.000,0,0,1,0.00,0.50,199,0.000,24,39,35,0.12,0.49,0,0.000,0,0,0,"",,0,,25.000,"N","2015-16",18,2.77,0.22,106,0.17,1.36
"Pim",05/21/2016,4,"M",120,"Madam Aamoura","D","N","f",2012,3,"Ky","Zayat Stables, LLC","B.","Zensational","Unbridled's Song","Baroness Aamoura","Theatrical*Ire","Zayat Stables LLC","",0,0.000,04/17/2016,"","L","",0.00,0,"Saez L","Rodriguez Rudy R",2,43.050,3,1,0,0,76.880,10,1,3,1,154.190,18,2,3,5,16.240,2,0,1,1,31.770,8,0,1,2,122.420,10,2,2,3,0.000,0,0,0,0,40.200,1,1,0,0,"",0,0.000,0,0,0,0.00,0.00,592,0.000,89,87,81,0.15,0.43,7,0.000,1,2,1,0.14,0.57,244,0.000,58,44,38,0.24,0.57,0,0.000,0,0,0,"",,0,12/19/2015,0.000,"N","2015-16",0,0.00,0.00,27,0.26,3.54
"Pim",05/21/2016,4,"",120,"Agawa","D","N","m",2010,5,"Ont-C","Sam-Son Farm","B.","Curlin","Smart Strike","Silver Adventure","Silver Deputy","Wachtel Stable","",0,0.000,03/17/2016,"","L","",0.00,0,"Lezcano J","Englehart Chris",3,10.350,3,0,0,1,46.567,7,0,1,3,208.030,23,2,4,7,67.400,3,1,2,0,112.677,13,1,2,5,95.353,10,1,2,2,0.000,0,0,0,0,40.945,3,1,0,0,"",0,0.000,0,0,0,0.00,0.00,292,0.000,37,32,47,0.13,0.40,0,0.000,0,0,0,0.00,0.00,195,0.000,37,37,26,0.19,0.51,0,0.000,0,0,0,"",,0,07/01/2015,100.000,"N","2015-16",0,0.00,0.00,3,0.00,0.00
"Pim",05/21/2016,4,"",120,"Evidently","D","N","m",2011,3,"Fla","Lambholm","Dk. b or br","Smart Strike","Mr. Prospector","Supposedly","Polish Numbers","Lambholm Stable","",0,0.000,04/09/2016,"","","",0.00,0,"Rosario J","Lerman Roy S",4,0.000,1,0,0,0,76.830,9,1,0,1,98.643,16,2,0,1,3.850,1,0,0,0,94.293,14,2,0,1,4.350,2,0,0,0,0.000,0,0,0,0,53.730,6,1,0,1,"",0,0.000,0,0,0,0.00,0.00,249,0.000,47,44,41,0.19,0.53,0,0.000,0,0,0,0.00,0.00,21,0.000,7,2,1,0.33,0.48,0,0.000,0,0,0,"",,0,11/07/2015,100.000,"N","2015-16",0,0.00,0.00,2,0.00,0.00
"Pim",05/21/2016,4,"",120,"Vicky Ticky Tavie","D","N","m",2010,3,"Ky","Mrs. Arturo Peralta Ramos","Ch.","Eddington","Unbridled","Latania","Polish Numbers","Mrs. Arturo Peralta-Ramos","",0,0.000,02/12/2016,"","L","",32.00,0,"Carrasco V R","Smith Hamilton A",5,0.940,2,0,0,0,36.330,7,1,0,1,170.250,29,5,3,2,10.810,2,0,1,0,98.280,18,3,2,1,71.970,11,2,1,1,8.600,5,0,0,1,64.825,10,2,1,1,"",27,0.000,2,6,3,0.07,0.41,409,0.000,71,57,51,0.17,0.44,11,0.000,4,0,0,0.36,0.36,82,0.000,14,5,11,0.17,0.37,0,0.000,0,0,0,"",,0,11/01/2015,3.500,"N","2015-16",17,4.33,0.24,65,0.12,1.68
"Pim",05/21/2016,4,"",118,"E Lizzy","D","N","m",2011,3,"Fla","BryLynn Farm, Inc.","Ch.","Majestic Warrior","A.P. Indy","Ampsterdam","Grand Slam","Waldorf Racing Stables LLC","",0,0.000,05/06/2016,"","L","",28.00,0,"Hole T M","Keefe Timothy L",6,35.060,5,1,0,2,55.110,13,3,4,1,114.785,27,4,5,4,54.260,8,2,2,1,0.000,0,0,0,0,114.785,27,4,5,4,0.000,0,0,0,0,0.000,0,0,0,0,"",10,0.000,0,0,0,0.00,0.00,190,0.000,16,30,19,0.08,0.34,4,0.000,1,1,1,0.25,0.75,76,0.000,7,12,12,0.09,0.41,0,0.000,0,0,0,"",,0,12/21/2015,0.000,"N","2015-16",20,2.80,0.30,33,0.24,3.38
"Pim",05/21/2016,4,"",120,"Tap It Out","D","N","f",2012,3,"Ky","Colts Neck Stables, LLC","Ch.","Tapit","Pulpit","Great Intentions","Cat Thief","Colts Neck Stables LLC","",0,0.000,10/22/2015,"","L","B",0.00,0,"Toledo J","Goldberg Alan E",7,115.975,9,2,1,2,7.788,2,0,0,1,123.763,11,2,1,3,0.000,0,0,0,0,123.475,10,2,1,3,0.288,1,0,0,0,0.000,0,0,0,0,81.775,6,1,1,1,"",20,0.000,4,4,0,0.20,0.40,338,0.000,45,55,39,0.13,0.41,1,0.000,0,0,0,0.00,0.00,44,0.000,11,3,6,0.25,0.45,0,0.000,0,0,0,"",,0,11/20/2014,300.000,"N","2015-16",2,0.00,0.00,23,0.35,2.70
"Pim",05/21/2016,4,"",120,"Pramedya","D","N","f",2012,3,"Ky","Mr. & Mrs. M. Roy Jackson","B.","Harlan's Holiday","Harlan","Stay Awake","Pulpit","Lael Stables","",0,0.000,04/13/2016,"","L","",0.00,0,"Centeno D E","Delacour Arnaud",8,12.027,2,1,0,0,15.000,2,1,0,0,27.027,4,2,0,0,0.000,0,0,0,0,12.027,2,1,0,0,15.000,2,1,0,0,0.000,0,0,0,0,11.600,1,1,0,0,"",0,0.000,0,0,0,0.00,0.00,399,0.000,91,77,64,0.23,0.58,0,0.000,0,0,0,0.00,0.00,96,0.000,26,11,17,0.27,0.56,0,0.000,0,0,0,"",,0,04/08/2015,35.000,"N","2015-16",2,0.00,0.00,114,0.32,2.40
"Pim",05/21/2016,4,"",120,"Dance With Gio","D","N","m",2009,3,"NJ","John Petrini","Dk. b or br","Dance With Ravens","A.P. Indy","Gracious Megan","Safe Prospect","Rob Ry Farm & Jayne Marie Slysz","",0,0.000,04/16/2016,"","L","",0.00,0,"Lynch F","Houghton Dove P",9,1.380,1,0,0,0,16.330,8,0,1,1,243.051,49,5,6,10,7.365,5,0,1,0,177.991,36,4,3,8,65.060,13,1,3,2,0.000,0,0,0,0,82.669,16,2,3,4,"",23,0.000,4,5,4,0.17,0.57,203,0.000,22,20,23,0.11,0.32,5,0.000,0,1,1,0.00,0.40,34,0.000,2,4,2,0.06,0.24,0,0.000,0,0,0,"",,0,11/15/2015,0.000,"N","2015-16",1,0.00,0.00,2,0.00,0.00
"Pim",05/21/2016,4,"",120,"Bishop's Pond","D","N","f",2012,3,"Ky","Mr. & Mrs. Richard S. Kaster","Dk. b or br","Curlin","Smart Strike","More for Me","More Than Ready","Michael Dubb, Bethlehem Stables LLC & Th","FTFMAR",14,250.000,04/20/2016,"","L","",0.00,0,"Castellano J J","Rubley Kelly",10,12.150,3,0,1,0,118.080,8,2,0,2,130.402,12,2,1,2,0.000,0,0,0,0,130.402,12,2,1,2,0.000,0,0,0,0,0.000,0,0,0,0,0.172,1,0,0,0,"",0,0.000,0,0,0,0.00,0.00,566,0.000,124,95,81,0.22,0.53,0,0.000,0,0,0,0.00,0.00,30,0.000,1,5,5,0.03,0.37,0,0.000,0,0,0,"",,0,11/12/2015,100.000,"N","2015-16",0,0.00,0.00,1,0.00,0.00
"Pim",05/21/2016,4,"M",120,"Brenda's Way","D","N","m",2010,3,"Md","Stephen E. Quick & WynOaks Farm, LLC","B.","Weigelia","Safely's Mark","Malibu Mystique","Malibu Moon","Big Bertha Stable","",0,0.000,05/06/2016,"","L","",32.00,0,"Toledo J","Dilodovico Damon R",11,33.500,4,0,2,0,101.143,7,3,0,0,348.472,39,9,6,6,5.990,4,0,0,0,0.500,2,0,0,0,347.972,37,9,6,6,119.179,7,3,2,0,132.087,7,3,2,0,"",20,0.000,4,4,0,0.20,0.40,338,0.000,45,55,39,0.13,0.41,3,0.000,0,0,0,0.00,0.00,45,0.000,2,9,4,0.04,0.33,0,0.000,0,0,0,"",,0,12/05/2015,3.500,"N","2015-16",6,0.80,0.17,28,0.18,2.56
"Pim",05/21/2016,4,"",116,"Issheit","D","N","m",2008,4,"Ky","Gary Feck","B.","Crimson Classic","Sky Classic","Tidesinn","Tricky Creek","Ronald Clark","",0,0.000,04/16/2016,"","L","",28.00,0,"Karamanos H A","Brooks Gerald E",12,38.580,4,3,1,0,96.210,14,5,1,2,252.854,62,16,8,10,4.420,5,0,0,2,177.760,28,8,6,2,75.094,34,8,2,8,37.800,3,2,0,0,98.690,14,5,3,1,"",17,0.000,1,3,6,0.06,0.59,261,0.000,43,33,44,0.16,0.46,2,0.000,1,0,0,0.50,0.50,119,0.000,18,25,19,0.15,0.52,0,0.000,0,0,0,"",,0,11/26/2015,1.000,"N","2015-16",1,0.00,0.00,3,0.00,0.00
"Pim",05/21/2016,4,"",120,"Silverville","D","N","m",2011,3,"Ky","Dr. John A. Chandler","B.","Badge of Silver","Silver Deputy","Sharp Apple","Diesis*GB","James F. Miller","",0,0.000,04/16/2016,"","L","",0.00,0,"Serpa A","Woolley Tim",13,0.000,1,0,0,0,79.825,6,2,3,0,110.125,10,2,5,1,0.000,0,0,0,0,110.125,10,2,5,1,0.000,0,0,0,0,33.720,2,1,1,0,93.820,7,2,4,1,"",11,0.000,0,3,1,0.00,0.36,159,0.000,8,14,25,0.05,0.30,2,0.000,0,0,0,0.00,0.00,26,0.000,3,3,2,0.12,0.31,0,0.000,0,0,0,"",,0,08/15/2015,1.874,"N","2015-16",2,0.00,0.00,12,0.25,8.77
"Pim",05/21/2016,4,"",124,"Truly Together","D","N","f",2012,4,"Ky","Augustin Stable","B.","Smart Strike","Mr. Prospector","Forever Together","Belong to Me","Augustin Stable","",0,0.000,04/09/2016,"","L","",0.00,0,"Velazquez J R","Matz Michael R",14,58.800,2,2,0,0,3.060,1,0,0,1,61.860,3,2,0,1,0.000,0,0,0,0,61.860,3,2,0,1,0.000,0,0,0,0,0.000,0,0,0,0,3.060,1,0,0,1,"",0,0.000,0,0,0,0.00,0.00,333,0.000,69,44,43,0.21,0.47,3,0.000,1,1,0,0.33,0.67,88,0.000,8,11,7,0.09,0.30,0,0.000,0,0,0,"",,0,12/20/2015,100.000,"N","2015-16",0,0.00,0.00,22,0.09,0.68
"Pim",05/21/2016,4,"",120,"Sassy Little Cat","D","N","m",2011,4,"Pa","Shannon Towner & George Towner","Dk. b or br","Albert the Great","Go for Gin","Spring Kitten","Storm of Angels","Sassy Little Cat, LLC","",0,0.000,11/22/2015,"","L","",0.00,0,"Boyce F","Bentley Fenneka T",15,32.202,10,1,0,0,31.023,8,1,1,0,94.750,22,3,2,0,0.000,0,0,0,0,93.525,19,3,2,0,1.225,3,0,0,0,25.650,2,1,0,0,51.810,9,2,0,0,"",9,0.000,1,1,0,0.11,0.22,163,0.000,16,21,18,0.10,0.34,0,0.000,0,0,0,0.00,0.00,8,0.000,0,0,2,0.00,0.25,0,0.000,0,0,0,"",,0,10/25/2014,2.500,"N","2015-16",0,0.00,0.00,3,0.00,0.00
"Pim",05/21/2016,4,"M",120,"Dun Won","D","N","m",2011,5,"Ky","Fred Bradley & William Bradley","Gr/ro","Dunkirk","Unbridled's Song","Kissinleaf","Kissin Kris","James C. Wolf","",0,0.000,05/06/2016,"","L","",32.00,0,"McCarthy T","Ness Jamie",16,24.290,6,1,1,0,23.060,11,0,3,1,145.594,34,5,6,5,9.660,2,0,1,0,121.016,25,5,3,3,24.578,9,0,3,2,0.000,0,0,0,0,0.000,0,0,0,0,"",23,0.000,5,8,1,0.22,0.61,420,0.000,77,83,59,0.18,0.52,6,0.000,1,2,0,0.17,0.50,279,0.000,56,42,40,0.20,0.49,0,0.000,0,0,0,"",,0,11/12/2015,0.000,"N","2015-16",32,0.96,0.22,272,0.25,1.72
"Pim",05/21/2016,5,"",118,"All Star Red","D","N","c",2012,5,"Ky","Steve C. Snowden & Dan Considine","Ch.","Five Star Day","Carson City","My Sweet Caroline","Salt Lake","Carl Lizza Racing Stables, LLC","",0,0.000,04/13/2016,"","L","",0.00,0,"Saez L","Rodriguez Rudy R",1,45.400,2,1,0,0,83.255,7,4,0,0,128.655,9,5,0,0,32.300,2,1,0,0,2.025,2,0,0,0,126.630,7,5,0,0,0.000,0,0,0,0,18.190,2,1,0,0,"",0,0.000,0,0,0,0.00,0.00,592,0.000,89,87,81,0.15,0.43,7,0.000,1,2,1,0.14,0.57,244,0.000,58,44,38,0.24,0.57,0,0.000,0,0,0,"",,0,12/05/2015,5.000,"N","2015-16",0,0.00,0.00,27,0.26,3.54
"Pim",05/21/2016,5,"",118,"Sonny Inspired","D","Y","g",2011,4,"Md","Mr. & Mrs. Charles McGinnes","B.","Artie Schiller","El Prado*Ire","Argentesque","Silver Deputy","D Hatman Thoroughbreds","",0,0.000,04/23/2016,"","L","",0.00,0,"Toledo J","Schoenthal Phil",2,135.000,4,2,0,1,105.147,10,2,0,3,381.324,30,6,6,7,138.529,6,3,1,0,110.137,12,2,4,2,271.187,18,4,2,5,0.000,0,0,0,0,141.167,7,3,0,0,"",20,0.000,4,4,0,0.20,0.40,338,0.000,45,55,39,0.13,0.41,4,0.000,0,3,0,0.00,0.75,53,0.000,9,12,5,0.17,0.49,0,0.000,0,0,0,"",,0,12/04/2015,10.000,"N","2015-16",16,1.45,0.19,69,0.14,1.46
"Pim",05/21/2016,5,"",118,"Always Sunshine","D","N","c",2012,4,"Fla","Gilbert G. Campbell","B.","West Acre","Forty Niner","Sunny Again","Awesome Again","Stonehedge LLC","",0,0.000,04/17/2016,"","L","",0.00,0,"Pennington F","Allard Edward T",3,72.400,2,1,1,0,151.550,8,3,2,2,223.950,10,4,3,2,85.200,2,2,0,0,8.820,1,0,1,0,215.130,9,4,2,2,0.000,0,0,0,0,188.930,7,3,2,2,"",0,0.000,0,0,0,0.00,0.00,165,0.000,38,35,26,0.23,0.60,0,0.000,0,0,0,0.00,0.00,23,0.000,8,3,2,0.35,0.57,0,0.000,0,0,0,"",,0,12/26/2015,2.500,"N","2015-16",0,0.00,0.00,7,0.71,3.14
"Pim",05/21/2016,5,"",118,"Cinco Charlie","D","Y","c",2012,3,"Ky","Candyland Farm","B.","Indian Charlie","In Excess*Ire","Ten Halos","Marquetry","L. William & Corinne Heiligbrodt","OBSMAR",14,190.000,04/10/2016,"","L","",0.00,0,"Geroux F","Asmussen Steven M",4,77.488,3,1,0,1,246.260,4,2,2,0,596.670,15,8,2,3,106.380,2,2,0,0,0.000,0,0,0,0,596.670,15,8,2,3,0.000,0,0,0,0,334.102,8,5,0,3,"",0,0.000,0,0,0,0.00,0.00,449,0.000,94,59,72,0.21,0.50,0,0.000,0,0,0,0.00,0.00,586,0.000,118,89,79,0.20,0.49,0,0.000,0,0,0,"",,0,06/06/2015,70.000,"N","2015-16",0,0.00,0.00,64,0.23,1.67
"Pim",05/21/2016,5,"",118,"Rockinn On Bye","D","N","g",2011,4,"Md","Sycamore Hall Farm LLC","Dk. b or br","Rock Hard Ten","Kris S.","Welcome Inn","Orientate","Stephen R. Ferguson","",0,0.000,05/01/2016,"","L","",0.00,0,"Hole T M","Casey Stephen M",5,4.865,2,0,0,0,116.745,11,2,3,3,252.684,31,6,9,3,24.050,3,0,1,2,8.290,5,0,0,0,244.394,26,6,9,3,49.852,3,2,0,0,74.172,6,2,4,0,"",10,0.000,0,0,0,0.00,0.00,190,0.000,16,30,19,0.08,0.34,0,0.000,0,0,0,0.00,0.00,4,0.000,0,0,0,0.00,0.00,0,0.000,0,0,0,"",,0,12/05/2015,0.000,"N","2015-16",4,0.00,0.00,24,0.17,1.10
"Pim",05/21/2016,5,"",118,"Negrito","D","N","g",2011,4,"Fla","Jacarie Farm","Dk. b or br","Wildcat Heir","Forest Wildcat","White Ruffle","Vigors","Germania Farms, Inc.","",0,0.000,04/23/2016,"","L","",0.00,0,"Karamanos H A","Schoenthal Phil",6,49.000,4,2,0,1,41.652,6,1,1,0,173.372,19,5,4,4,81.780,6,3,1,0,0.000,1,0,0,0,173.372,18,5,4,4,26.700,4,0,2,2,113.692,11,3,3,3,"",17,0.000,1,3,6,0.06,0.59,261,0.000,43,33,44,0.16,0.46,4,0.000,0,3,0,0.00,0.75,53,0.000,9,12,5,0.17,0.49,0,0.000,0,0,0,"",,0,07/16/2015,10.000,"N","2015-16",0,0.00,0.00,10,0.40,4.36
"Pim",05/21/2016,5,"",124,"Salutos Amigos","D","N","g",2010,4,"Ky","Joan Hadley Thoroughbreds","B.","Salute the Sarge","Forest Wildcat","Sarasota*Arg","Luhuk","David Jacobson & Southern Equine Stable","",0,0.000,05/07/2016,"","L","",0.00,0,"Velazquez J R","Jacobson David",7,444.000,5,2,2,0,435.000,9,3,1,0,1566.406,39,12,5,4,783.600,7,7,0,0,12.650,3,0,1,0,1553.756,36,12,4,4,0.000,0,0,0,0,892.210,19,7,2,1,"",0,0.000,0,0,0,0.00,0.00,333,0.000,69,44,43,0.21,0.47,0,0.000,0,0,0,0.00,0.00,222,0.000,37,37,31,0.17,0.47,0,0.000,0,0,0,"",,0,11/26/2015,0.000,"N","2015-16",0,0.00,0.00,5,0.00,0.00
"Pim",05/21/2016,6,"",116,"Copingaway","D","N","c",2013,4,"Ky","Brereton C. Jones","Dk. b or br","Brother Derek","Benchmark","Copeaway","Copelan","Thoroughbred Champions Training Center L","KEESEP",14,1.200,05/07/2016,"","L","",0.00,0,"Saez L","Mejia Jaime",1,82.130,10,1,2,3,41.980,9,1,1,0,124.110,19,2,3,3,40.000,2,1,0,0,81.210,13,1,3,3,42.900,6,1,0,0,0.000,0,0,0,0,32.940,10,0,3,2,"",0,0.000,0,0,0,0.00,0.00,592,0.000,89,87,81,0.15,0.43,0,0.000,0,0,0,0.00,0.00,91,0.000,1,7,13,0.01,0.23,0,0.000,0,0,0,"",,0,12/12/2015,3.500,"N","2015-16",0,0.00,0.00,0,0.00,0.00
"Pim",05/21/2016,6,"",118,"He'll Pay","D","N","c",2013,4,"Ky","Brereton C. Jones & WinStar Farm, LLC","Ch.","Haynesfield","Speightstown","Mons Venus","Maria's Mon","Brereton C. Jones","FTKOCT",14,32.000,04/02/2016,"","L","",0.00,0,"Geroux F","Jones J Larry",2,92.380,4,2,1,1,4.369,4,0,0,0,96.749,8,2,1,1,0.000,0,0,0,0,35.890,4,1,1,1,60.859,4,1,0,0,0.000,0,0,0,0,7.400,1,0,1,0,"",0,0.000,0,0,0,0.00,0.00,449,0.000,94,59,72,0.21,0.50,0,0.000,0,0,0,0.00,0.00,80,0.000,18,10,10,0.23,0.48,0,0.000,0,0,0,"",,0,12/19/2015,10.000,"N","2015-16",0,0.00,0.00,56,0.34,2.39
"Pim",05/21/2016,6,"",116,"Easy River","D","N","c",2013,4,"Md","Dr. & Mrs. Thomas Bowman, Dutrow Thoroughbred Ent, Inc. &","B.","Not For Love","Mr. Prospector","Potomac Bend","Polish Numbers","Kathleen Willier","EASSEP",14,60.000,04/23/2016,"","L","",0.00,0,"Toledo J","Smith Hamilton A",3,47.128,3,1,0,2,33.540,4,1,0,0,80.668,7,2,0,2,1.500,1,0,0,0,29.640,1,1,0,0,51.028,6,1,0,2,0.000,0,0,0,0,0.000,0,0,0,0,"",20,0.000,4,4,0,0.20,0.40,338,0.000,45,55,39,0.13,0.41,11,0.000,4,0,0,0.36,0.36,82,0.000,14,5,11,0.17,0.37,0,0.000,0,0,0,"",,0,12/26/2015,0.000,"N","2015-16",29,1.01,0.14,102,0.17,1.75
"Pim",05/21/2016,6,"",116,"Ousby","D","N","g",2013,4,"Ky","J. V. Shields Jr.","Gr/ro","Shakespeare","Theatrical*Ire","Diverse","Kingmambo","John Grossi's Racing Corp.","",0,0.000,05/07/2016,"","L","",0.00,0,"Juarez N","Vitali Marcus J",4,62.595,5,2,1,1,15.120,3,1,0,0,77.715,8,3,1,1,0.000,0,0,0,0,77.715,8,3,1,1,0.000,0,0,0,0,0.000,0,0,0,0,33.155,4,1,1,0,"",8,0.000,1,1,1,0.13,0.38,326,0.000,46,55,44,0.14,0.44,13,0.000,3,1,2,0.23,0.46,141,0.000,26,19,19,0.18,0.45,0,0.000,0,0,0,"",,0,12/19/2015,5.000,"N","2015-16",6,0.67,0.17,95,0.21,2.07
"Pim",05/21/2016,6,"",116,"Conquest Windycity","D","Y","c",2013,1,"Ky","WinStar Farm, LLC","Dk. b or br","Tiznow","Cee's Tizzy","Lasting Appeal","A.P. Indy","Conquest Stables, LLC","OBSMAR",15,800.000,04/24/2016,"","L","",0.00,0,"Lezcano J","Casse Mark",5,55.947,3,1,0,0,57.250,3,1,1,0,113.197,6,2,1,0,33.600,1,1,0,0,16.600,1,0,1,0,96.597,5,2,0,0,0.000,0,0,0,0,0.000,0,0,0,0,"",0,0.000,0,0,0,0.00,0.00,292,0.000,37,32,47,0.13,0.40,0,0.000,0,0,0,0.00,0.00,360,0.000,65,56,52,0.18,0.48,0,0.000,0,0,0,"",,0,10/02/2015,60.000,"N","2015-16",0,0.00,0.00,102,0.23,2.30
"Pim",05/21/2016,6,"",116,"Isofass","D","Y","c",2013,3,"Fla","Woodford Thoroughbreds","Dk. b or br","Rodman","Malibu Moon","Lucky Mama","El Corredor","DB Dojo LLC","OBSOPN",15,62.000,04/02/2016,"","L","",0.00,0,"Boyce F","Abbott Francis III",6,18.160,3,0,0,1,23.040,2,1,0,0,41.200,5,1,0,1,32.800,2,1,0,0,0.000,0,0,0,0,41.200,5,1,0,1,0.000,0,0,0,0,0.000,0,0,0,0,"",9,0.000,1,1,0,0.11,0.22,163,0.000,16,21,18,0.10,0.34,1,0.000,1,0,0,1.00,1.00,28,0.000,4,2,2,0.14,0.29,0,0.000,0,0,0,"",,0,12/18/2015,2.500,"N","2015-16",4,3.15,0.25,41,0.17,2.81
"Pim",05/21/2016,6,"",116,"Marengo Road","D","Y","c",2013,5,"Ky","Haymarket Farm LLC","B.","Quality Road","Elusive Quality","Gac's Tomboy","Unbridled's Song","Harry C. & Tom O. Meyerhoff LLC","KEESEP",14,120.000,03/12/2016,"","L","",0.00,0,"Pimentel J","Trombetta Michael J",7,64.500,3,1,1,0,57.560,6,2,1,0,122.060,9,3,2,0,38.940,2,1,1,0,29.600,2,1,1,0,92.460,7,2,1,0,0.000,0,0,0,0,29.600,2,1,1,0,"",9,0.000,2,2,2,0.22,0.67,109,0.000,19,18,17,0.17,0.50,11,0.000,0,1,2,0.00,0.27,212,0.000,33,40,31,0.16,0.49,0,0.000,0,0,0,"",,0,11/28/2015,35.000,"N","2015-16",46,1.04,0.11,219,0.15,1.39
"Pim",05/21/2016,6,"",116,"Aquaphobia","D","N","c",2013,2,"Ky","Mr. & Mrs. M. Roy Jackson","B.","Giant's Causeway","Storm Cat","Pussycat Doll","Real Quiet","Lael Stables","",0,0.000,04/13/2016,"","L","",0.00,0,"Leparoux J R","Delacour Arnaud",8,17.800,2,1,0,1,0.000,0,0,0,0,17.800,2,1,0,1,0.000,0,0,0,0,17.800,2,1,0,1,0.000,0,0,0,0,0.000,0,0,0,0,11.600,1,1,0,0,"",0,0.000,0,0,0,0.00,0.00,365,0.000,69,39,47,0.19,0.42,0,0.000,0,0,0,0.00,0.00,96,0.000,26,11,17,0.27,0.56,0,0.000,0,0,0,"",,0,,85.000,"N","2015-16",2,2.30,0.50,14,0.43,4.54
"Pim",05/21/2016,6,"",116,"I Came to Party","D","N","g",2013,3,"Cal","Ellen Jackson, Kevin Nish & Kim Nish","Dk. b or br","Bold Chieftain","Chief Seattle","Onefunsonofagun","Decarchy","Ronald Clark","",0,0.000,04/23/2016,"","L","",0.00,0,"Carrasco V R","Brooks Gerald E",9,45.640,5,1,1,2,15.060,4,1,1,0,60.700,9,2,2,2,21.400,2,1,0,1,3.380,2,0,1,0,57.320,7,2,1,2,0.000,0,0,0,0,3.380,2,0,1,0,"",27,0.000,2,6,3,0.07,0.41,409,0.000,71,57,51,0.17,0.44,2,0.000,1,0,0,0.50,0.50,119,0.000,18,25,19,0.15,0.52,0,0.000,0,0,0,"PIM",05/21/16,11,12/20/2015,3.000,"N","2015-16",2,0.00,0.00,27,0.30,2.04
"Pim",05/21/2016,7,"",120,"Chief Istan","D","N","c",2012,2,"Ky","Brereton C. Jones","B.","Istan","Gone West","My Indian","Indian Charlie","Sagamore Farm & Brereton C. Jones","",0,0.000,04/17/2015,"","L","",0.00,0,"Geroux F","Jones J Larry",1,36.000,1,1,0,0,18.000,1,1,0,0,54.000,2,2,0,0,0.000,0,0,0,0,0.000,0,0,0,0,54.000,2,2,0,0,0.000,0,0,0,0,36.000,1,1,0,0,"",0,0.000,0,0,0,0.00,0.00,449,0.000,94,59,72,0.21,0.50,0,0.000,0,0,0,0.00,0.00,80,0.000,18,10,10,0.23,0.48,0,0.000,0,0,0,"",,0,09/03/2014,6.000,"N","2015-16",0,0.00,0.00,56,0.34,2.39
"Pim",05/21/2016,7,"",120,"T Sizzle","D","N","g",2011,2,"Md","Dr. & Mrs. A. Leonard Pineau","B.","Pure Prize","Storm Cat","Wood Not","Kissin Kris","Triple Tree Stable","",0,0.000,05/07/2016,"","L","",0.00,0,"Saez L","Trombetta Michael J",2,23.798,5,0,2,1,57.228,8,1,1,2,166.316,21,2,7,4,39.858,2,1,1,0,56.976,8,0,3,3,109.340,13,2,4,1,12.390,2,0,1,0,20.936,5,0,1,1,"",0,0.000,0,0,0,0.00,0.00,592,0.000,89,87,81,0.15,0.43,11,0.000,0,1,2,0.00,0.27,212,0.000,33,40,31,0.16,0.49,0,0.000,0,0,0,"",,0,11/27/2015,0.000,"N","2015-16",0,0.00,0.00,27,0.11,0.69
"Pim",05/21/2016,7,"",120,"Cooking Up a Storm","D","N","g",2010,4,"Ky","Castro Stables, LLC","Ch.","Pure Prize","Storm Cat","Race With Grace","Rahy","Ronald Clark","",0,0.000,04/29/2016,"","L","",0.00,0,"McCarthy T","Brooks Gerald E",3,62.180,6,3,3,0,84.415,16,6,2,3,211.972,42,12,9,5,28.940,6,1,3,0,2.481,5,0,0,0,209.491,37,12,9,5,15.840,2,1,0,1,72.405,13,4,3,2,"",23,0.000,5,8,1,0.22,0.61,420,0.000,77,83,59,0.18,0.52,2,0.000,1,0,0,0.50,0.50,119,0.000,18,25,19,0.15,0.52,0,0.000,0,0,0,"",,0,11/27/2015,0.000,"N","2015-16",2,3.00,0.50,7,0.14,0.86
"Pim",05/21/2016,7,"",124,"Gin Makes Ya Sin","D","N","g",2011,4,"SC","Franklin G. Smith Sr.","Dk. b or br","Straight Talking","Dixieland Band","Overdue Slew","Slew City Slew","Richard Malouf","",0,0.000,05/09/2016,"","L","",32.00,0,"Toledo J","Lake Scott A",4,44.364,8,1,0,4,65.580,9,2,2,0,141.434,25,5,3,6,23.100,3,2,0,0,0.900,1,0,0,0,140.534,24,5,3,6,14.850,3,0,1,0,29.814,7,1,0,4,"",20,0.000,4,4,0,0.20,0.40,338,0.000,45,55,39,0.13,0.41,3,0.000,0,0,0,0.00,0.00,222,0.000,38,34,30,0.17,0.46,0,0.000,0,0,0,"",,0,08/07/2015,0.000,"N","2015-16",0,0.00,0.00,1,0.00,0.00
"Pim",05/21/2016,7,"",116,"Never Stop Looking","D","N","g",2009,4,"Ont-C","Gustav Schickedanz","Ch.","Langfuhr","Danzig","Stop Looking","Dr. Adagio","Somraj Singh","",0,0.000,04/24/2016,"","L","",28.00,0,"Carrasco V R","Gonzalez Claudio A",5,33.200,7,1,2,1,98.250,15,2,2,1,352.096,62,7,13,12,115.165,13,3,1,1,5.737,6,0,0,0,346.359,56,7,13,12,4.950,1,0,0,1,180.381,26,2,8,5,"",27,0.000,2,6,3,0.07,0.41,409,0.000,71,57,51,0.17,0.44,7,0.000,2,0,2,0.29,0.57,149,0.000,28,19,26,0.19,0.49,0,0.000,0,0,0,"",,0,12/18/2015,5.000,"N","2015-16",22,1.14,0.18,150,0.23,1.84
"Pim",05/21/2016,7,"",120,"Right Squall","D","N","g",2007,4,"Okla","Robert Albright","B.","Country Be Gold","Summer Squall","The Right Fit","Serves Em Right","Gerald E. Brooks","",0,0.000,05/08/2016,"","L","",28.00,0,"Karamanos H A","Brooks Gerald E",6,44.934,6,3,0,0,41.510,10,4,1,0,401.742,73,20,10,12,120.591,15,8,2,2,0.585,3,0,0,0,401.157,70,20,10,12,0.000,0,0,0,0,308.199,49,17,4,10,"",17,0.000,1,3,6,0.06,0.59,261,0.000,43,33,44,0.16,0.46,2,0.000,1,0,0,0.50,0.50,119,0.000,18,25,19,0.15,0.52,0,0.000,0,0,0,"TDN",05/20/16,6,10/16/2015,0.500,"N","2015-16",1,0.00,0.00,3,0.00,0.00
"Pim",05/21/2016,7,"",120,"Troubled Waters","D","N","g",2011,4,"Ky","Larry Johnson","Dk. b or br","Giant's Causeway","Storm Cat","Sincerely","Meadowlake","R. Larry Johnson","",0,0.000,04/29/2016,"","L","",0.00,0,"Boyce F","Trombetta Michael J",7,42.090,5,1,2,1,53.783,9,1,2,3,169.371,25,3,9,6,63.516,5,2,2,1,59.278,10,1,4,1,110.093,15,2,5,5,4.400,2,0,0,1,22.670,4,0,2,1,"",9,0.000,1,1,0,0.11,0.22,163,0.000,16,21,18,0.10,0.34,11,0.000,0,1,2,0.00,0.27,212,0.000,33,40,31,0.16,0.49,0,0.000,0,0,0,"",,0,12/09/2015,85.000,"N","2015-16",3,0.00,0.00,27,0.15,0.97
"Pim",05/21/2016,7,"",120,"Gambler's Ghost","D","Y","g",2011,3,"Ky","Universal Thoroughbred Services, LLC","B.","Ghostzapper","Awesome Again","Beauty and Style","Two Punch","Matthew Schera","",0,0.000,03/19/2016,"","L","B",0.00,0,"Cruz A","Martin Carlos F",8,30.950,2,1,0,0,37.026,5,1,1,0,118.022,12,4,1,0,0.235,1,0,0,0,0.000,0,0,0,0,118.022,12,4,1,0,0.000,0,0,0,0,116.792,10,4,1,0,"A",13,0.000,0,3,1,0.00,0.31,138,0.000,15,18,16,0.11,0.36,0,0.000,0,0,0,0.00,0.00,41,0.000,8,10,5,0.20,0.56,0,0.000,0,0,0,"",,0,12/27/2015,60.000,"N","2015-16",0,0.00,0.00,10,0.10,0.79
"Pim",05/21/2016,7,"",124,"Queequeg","D","N","g",2011,3,"Ont-C","Austin Paul","B.","Smart Strike","Mr. Prospector","Green Door","Danzig","Rebate Stable LLC","",0,0.000,04/24/2016,"","L","",0.00,0,"Serpa A","Albert Linda L",9,52.800,4,3,0,0,90.190,10,2,3,1,179.162,18,6,4,1,17.700,1,1,0,0,0.420,1,0,0,0,178.742,17,6,4,1,0.000,0,0,0,0,125.370,10,4,3,1,"",11,0.000,0,3,1,0.00,0.36,159,0.000,8,14,25,0.05,0.30,4,0.000,0,1,0,0.00,0.25,53,0.000,5,6,3,0.09,0.26,0,0.000,0,0,0,"",,0,12/22/2015,100.000,"N","2015-16",0,0.00,0.00,1,0.00,0.00
"Pim",05/21/2016,7,"",120,"Old Upstart","D","N","g",2011,2,"Ky","Debby Oxley","Dk. b or br","Offlee Wild","Wild Again","Darling Rachel","Fusaichi Pegasus","Matthew Schera","",0,0.000,04/15/2016,"","L","",0.00,0,"Prado E S","Lawrence James L II",10,7.904,2,0,1,0,59.890,4,2,0,0,145.319,16,4,3,0,68.340,5,2,1,0,0.275,1,0,0,0,145.044,15,4,3,0,29.640,1,1,0,0,6.460,2,0,1,0,"A",15,0.000,4,2,4,0.27,0.67,148,0.000,18,23,18,0.12,0.40,4,0.000,0,0,0,0.00,0.00,61,0.000,6,12,5,0.10,0.38,0,0.000,0,0,0,"",,0,05/16/2015,0.000,"N","2015-16",0,0.00,0.00,0,0.00,0.00
"Pim",05/21/2016,8,"",118,"Miss Matzoball","D","N","f",2012,2,"NY","Masie Stable, LLC","B.","Smoke Glacken","Two Punch","Miss Matzo","Royal Academy","Masie Stable","",0,0.000,04/16/2016,"","L","",0.00,0,"Castellano J J","Lerman Roy S",1,68.571,4,2,0,0,58.950,3,1,1,0,181.813,11,4,2,1,12.692,2,0,1,0,157.121,8,4,0,1,24.692,3,0,2,0,0.000,0,0,0,0,68.571,4,2,0,0,"",0,0.000,0,0,0,0.00,0.00,566,0.000,124,95,81,0.22,0.53,0,0.000,0,0,0,0.00,0.00,21,0.000,7,2,1,0.33,0.48,0,0.000,0,0,0,"",,0,11/09/2015,0.000,"N","2015-16",0,0.00,0.00,13,0.23,1.46
"Pim",05/21/2016,8,"",118,"Seeking Paradise","D","N","f",2012,4,"Ky","Helen T. Andrews & Twin Hopes Farm","B.","Blame","Arch","Eden's Storm","Stormy Atlantic","Double Infinity Ranch","FTKJUL",13,77.000,04/10/2016,"","L","",0.00,0,"Saez L","Sharp Joe",2,23.940,1,1,0,0,36.035,7,1,2,2,82.468,13,2,4,2,0.275,1,0,0,0,79.889,11,2,4,2,2.579,2,0,0,0,0.000,0,0,0,0,48.230,5,2,1,1,"",0,0.000,0,0,0,0.00,0.00,592,0.000,89,87,81,0.15,0.43,1,0.000,0,0,0,0.00,0.00,290,0.000,42,50,42,0.14,0.46,0,0.000,0,0,0,"",,0,09/26/2015,25.000,"N","2015-16",0,0.00,0.00,39,0.15,2.38
"Pim",05/21/2016,8,"",118,"Disco Barbie","D","N","m",2010,2,"Ky","Iron County Farms Inc.","Ch.","Pure Prize","Storm Cat","Cimmaron Lady","Grand Slam","Diane Manning","",0,0.000,06/14/2015,"","L","",0.00,0,"McCarthy T","Capuano Dale",3,35.073,5,0,2,0,246.413,9,3,4,1,361.736,20,5,7,4,59.150,4,1,1,1,0.000,0,0,0,0,361.736,20,5,7,4,0.000,0,0,0,0,0.000,0,0,0,0,"",23,0.000,5,8,1,0.22,0.61,420,0.000,77,83,59,0.18,0.52,4,0.000,0,1,0,0.00,0.25,103,0.000,14,14,18,0.14,0.45,0,0.000,0,0,0,"",,0,12/06/2014,0.000,"N","2015-16",8,0.00,0.00,59,0.14,1.44
"Pim",05/21/2016,8,"",118,"Hope Cross","F","N","m",2011,3,"Ire","P. A. Byrne","B.","Cape Cross*Ire","Green Desert","Great Hope*Ire","Halling","Magalen O. Bryant","",0,0.000,04/16/2016,"","L","",0.00,0,"Boyce F","Delacour Arnaud",4,10.020,3,0,0,0,152.200,6,2,2,1,268.830,15,3,6,1,0.000,0,0,0,0,268.830,15,3,6,1,0.000,0,0,0,0,0.000,0,0,0,0,0.000,0,0,0,0,"",9,0.000,1,1,0,0.11,0.22,163,0.000,16,21,18,0.10,0.34,0,0.000,0,0,0,0.00,0.00,96,0.000,26,11,17,0.27,0.56,0,0.000,0,0,0,"",,0,12/12/2015,21.822,"N","2015-16",1,0.00,0.00,27,0.41,2.72
"Pim",05/21/2016,8,"",118,"My Celeste","D","N","f",2012,3,"Ky","Zayat Stables, LLC","Dk. b or br","Maimonides","Vindication","Rena","More Than Ready","Zayat Stables LLC","",0,0.000,05/04/2016,"","L","",0.00,0,"Lanerie C J","Romans Dale",5,27.720,4,1,0,1,5.744,6,0,0,0,33.464,10,1,0,1,2.160,1,0,0,0,28.460,7,1,0,1,5.004,3,0,0,0,0.000,0,0,0,0,26.800,3,1,0,1,"",0,0.000,0,0,0,0.00,0.00,491,0.000,74,64,56,0.15,0.40,0,0.000,0,0,0,0.00,0.00,174,0.000,23,29,18,0.13,0.40,0,0.000,0,0,0,"",,0,11/22/2015,2.500,"N","2015-16",0,0.00,0.00,258,0.17,2.19
"Pim",05/21/2016,8,"",118,"Two Wonders","D","N","m",2007,2,"Fla","Lorna Possler & John Wilson","B.","Three Wonders","Storm Cat","Royal Advantage","Regal Classic","Roger Simons","",0,0.000,04/29/2016,"","L","",0.00,0,"Carrasco V R","Brooks Gerald E",6,26.970,2,1,1,0,88.607,13,4,2,1,593.297,66,22,12,8,0.000,0,0,0,0,267.630,33,10,5,3,325.667,33,12,7,5,0.000,0,0,0,0,36.420,3,1,2,0,"",27,0.000,2,6,3,0.07,0.41,409,0.000,71,57,51,0.17,0.44,2,0.000,1,0,0,0.50,0.50,119,0.000,18,25,19,0.15,0.52,0,0.000,0,0,0,"",,0,12/26/2015,7.500,"N","2015-16",2,0.00,0.00,27,0.30,2.04
"Pim",05/21/2016,8,"",118,"Everything Lovely","D","N","f",2012,4,"Md","Mr. & Mrs. Charles McGinnes","Ch.","Pollard's Vision","Carson City","Desiderata","During","Pewter Stable & Armand A. Delaperriere","EASMAY",14,70.000,09/07/2015,"","L","",0.00,0,"Karamanos H A","DeMasi Kathleen A",7,100.050,7,3,1,1,54.200,4,1,2,1,154.250,11,4,3,2,0.000,0,0,0,0,92.400,5,3,1,0,61.850,6,1,2,2,0.000,0,0,0,0,80.400,4,3,0,0,"",17,0.000,1,3,6,0.06,0.59,261,0.000,43,33,44,0.16,0.46,0,0.000,0,0,0,0.00,0.00,89,0.000,14,15,15,0.16,0.49,0,0.000,0,0,0,"",,0,12/26/2014,3.000,"N","2015-16",0,0.00,0.00,5,0.40,4.72
"Pim",05/21/2016,8,"",118,"Rumble Doll","D","N","m",2011,3,"NY","Lawrence Goichman","B.","Street Boss","Street Cry*Ire","Little Buttercup","Labeeb*GB","Robert Falcone & All Heart Racing Stable","",0,0.000,04/29/2016,"","L","",0.00,0,"Velazquez J R","Falcone Robert N Jr",8,8.000,1,0,0,1,131.300,6,2,2,1,253.000,18,5,2,5,3.072,3,0,0,0,219.328,11,4,2,4,33.672,7,1,0,1,0.000,0,0,0,0,94.000,4,2,0,2,"",0,0.000,0,0,0,0.00,0.00,333,0.000,69,44,43,0.21,0.47,0,0.000,0,0,0,0.00,0.00,23,0.000,1,2,2,0.04,0.22,0,0.000,0,0,0,"",,0,12/05/2015,12.500,"N","2015-16",0,0.00,0.00,0,0.00,0.00
"Pim",05/21/2016,8,"",122,"Exaggerated","D","N","f",2012,4,"Va","Hart Farm","Dk. b or br","Blame","Arch","Miz United States","Valid Appeal","Lael Stables","FTSAUG",13,250.000,04/16/2016,"","L","",0.00,0,"Leparoux J R","Delacour Arnaud",9,72.600,2,2,0,0,87.060,5,3,0,1,159.660,7,5,0,1,23.940,1,1,0,0,135.720,6,4,0,1,23.940,1,1,0,0,0.000,0,0,0,0,131.100,5,4,0,0,"",0,0.000,0,0,0,0.00,0.00,365,0.000,69,39,47,0.19,0.42,0,0.000,0,0,0,0.00,0.00,96,0.000,26,11,17,0.27,0.56,0,0.000,0,0,0,"",,0,12/19/2015,25.000,"N","2015-16",2,2.30,0.50,14,0.43,4.54
"Pim",05/21/2016,8,"",118,"Joya Real","D","N","m",2009,3,"Ky","G. L. Zwerling, LLC","Ch.","Eddington","Unbridled","Regal Locket","Regal Classic","Pewter Stable","",0,0.000,12/19/2015,"","L","",0.00,0,"Centeno D E","DeMasi Kathleen A",10,118.450,6,2,2,1,163.260,6,4,1,1,395.599,26,9,7,3,79.950,8,2,2,0,236.903,12,5,3,1,158.696,14,4,4,2,20.000,1,0,1,0,221.450,9,4,3,1,"",0,0.000,0,0,0,0.00,0.00,399,0.000,91,77,64,0.23,0.58,0,0.000,0,0,0,0.00,0.00,89,0.000,14,15,15,0.16,0.49,0,0.000,0,0,0,"",,0,09/01/2014,3.500,"N","2015-16",0,0.00,0.00,8,0.25,1.13
"Pim",05/21/2016,8,"",118,"Moldavite","D","N","m",2011,2,"NY","William Niarakis Jr. & Stephen Sinatra","Dk. b or br","Cosmonaut","Lemon Drop Kid","Meadow Belle","Meadowlake","Blue Streak Stable","",0,0.000,05/01/2016,"","L","",0.00,0,"Ortiz Y O","Albert Linda L",11,62.490,4,3,0,0,30.120,4,1,1,1,105.305,13,4,1,3,27.100,4,1,1,0,26.270,2,1,0,0,79.035,11,3,1,3,0.000,0,0,0,0,25.650,1,1,0,0,"",15,0.000,1,1,1,0.07,0.20,179,0.000,18,16,22,0.10,0.31,4,0.000,0,1,0,0.00,0.25,53,0.000,5,6,3,0.09,0.26,0,0.000,0,0,0,"",,0,04/30/2015,5.000,"N","2015-16",5,0.00,0.00,51,0.10,3.70
"Pim",05/21/2016,8,"",122,"Lady Shipman","D","N","f",2012,4,"Ky","Randall E. Lowe","Ch.","Midshipman","Unbridled's Song","Sumthingtotalkabt","Mutakddim","Ranlo Investments LLC","",0,0.000,05/01/2016,"","L","",0.00,0,"Rosario J","McLaughlin Kiaran P",12,105.105,3,2,0,0,513.600,10,7,2,1,643.905,15,10,2,2,0.000,0,0,0,0,610.305,13,9,2,1,33.600,2,1,0,1,60.000,1,1,0,0,540.305,11,8,2,0,"",0,0.000,0,0,0,0.00,0.00,249,0.000,47,44,41,0.19,0.53,0,0.000,0,0,0,0.00,0.00,141,0.000,25,25,21,0.18,0.50,0,0.000,0,0,0,"",,0,10/31/2015,8.500,"N","2015-16",0,0.00,0.00,40,0.33,1.73
"Pim",05/21/2016,9,"",116,"Justin Squared","D","Y","c",2013,2,"Ky","Sun Valley Farm","Gr/ro","Zensational","Unbridled's Song","Graciously Soft","Vindication","Zayat Stables LLC","",0,0.000,04/21/2016,"","L","",0.00,0,"Pedroza M A","Baffert Bob",1,27.600,1,1,0,0,42.000,1,1,0,0,69.600,2,2,0,0,0.000,0,0,0,0,0.000,0,0,0,0,69.600,2,2,0,0,0.000,0,0,0,0,27.600,1,1,0,0,"",0,0.000,0,0,0,0.00,0.00,203,0.000,26,27,25,0.13,0.38,0,0.000,0,0,0,0.00,0.00,148,0.000,33,26,21,0.22,0.54,0,0.000,0,0,0,"",,0,09/05/2015,0.000,"N","2015-16",0,0.00,0.00,35,0.17,1.86
"Pim",05/21/2016,9,"",116,"Cozze Cat","D","N","c",2013,3,"NY","Henry H. Prieger , David Lester & Steve Robbins","Ch.","Bluegrass Cat","Storm Cat","Miss Cozze","Not For Love","David L. Taylor","EASSEP",14,2.500,05/12/2016,"","L","",0.00,0,"Perez X","King Yolonda",2,42.850,8,1,1,1,13.730,3,0,1,1,56.580,11,1,2,2,5.660,2,0,0,1,0.000,0,0,0,0,56.580,11,1,2,2,1.260,1,0,0,0,50.920,7,1,2,1,"",10,0.000,2,0,0,0.20,0.20,178,0.000,11,16,22,0.06,0.28,2,0.000,0,0,0,0.00,0.00,20,0.000,1,2,2,0.05,0.25,0,0.000,0,0,0,"",,0,12/19/2015,7.500,"N","2015-16",1,0.00,0.00,3,0.00,0.00
"Pim",05/21/2016,9,"",116,"Quijote","D","Y","g",2013,5,"Fla","Ramiro Rosas Medina","Dk. b or br","Pomeroy","Boundary","Soi Disant","Holy Bull","Midwest Thoroughbreds, Inc.","OBSAUG",14,25.000,04/23/2016,"","L","",0.00,0,"NO RIDER","Amoss Thomas",3,67.800,3,1,2,0,22.200,1,1,0,0,90.000,4,2,2,0,0.000,0,0,0,0,0.000,0,0,0,0,90.000,4,2,2,0,0.000,0,0,0,0,25.000,1,0,1,0,"",0,0.000,0,0,0,0.00,0.00,0,0.000,0,0,0,0.00,0.00,0,0.000,0,0,0,0.00,0.00,192,0.000,58,28,31,0.30,0.61,0,0.000,0,0,0,"",,0,12/27/2015,0.000,"N","2015-16",0,0.00,0.00,0,0.00,0.00
"Pim",05/21/2016,9,"",116,"Discreet Angel","D","N","c",2013,5,"Ky","George Pruette","B.","Discreet Cat","Forestry","Black Java","Pine Bluff","Guillermo Berrios","OBSOPN",15,25.000,02/21/2016,"","L","",0.00,0,"Lezcano J","Gullo Gary P",4,20.095,2,1,0,1,68.335,6,4,2,0,88.430,8,5,2,1,25.117,2,1,1,0,0.000,0,0,0,0,88.430,8,5,2,1,0.000,0,0,0,0,7.776,1,0,1,0,"",0,0.000,0,0,0,0.00,0.00,292,0.000,37,32,47,0.13,0.40,0,0.000,0,0,0,0.00,0.00,74,0.000,17,12,13,0.23,0.57,0,0.000,0,0,0,"",,0,12/20/2015,7.500,"N","2015-16",0,0.00,0.00,9,0.11,0.69
"Pim",05/21/2016,9,"",116,"Never Gone South","D","Y","c",2013,3,"Ky","Bend Or Thoroughbreds, USA","B.","Munnings","Speightstown","Summer Rules","Perfect Soul*Ire","M M G Stables, LLC","OBSAPR",15,90.000,04/09/2016,"","L","",0.00,0,"Lynch F","Lynch Cathal",5,53.500,3,1,0,1,96.125,4,2,2,0,149.625,7,3,2,1,71.200,3,2,0,0,0.000,0,0,0,0,149.625,7,3,2,1,0.000,0,0,0,0,20.000,1,0,1,0,"",23,0.000,4,5,4,0.17,0.57,203,0.000,22,20,23,0.11,0.32,6,0.000,2,2,0,0.33,0.67,80,0.000,13,9,16,0.16,0.48,0,0.000,0,0,0,"",,0,12/05/2015,25.000,"N","2015-16",5,2.72,0.40,35,0.17,0.99
"Pim",05/21/2016,9,"",120,"Counterforce","D","N","c",2013,1,"Ky","Hill 'n' Dale Equine Holdings, Inc. & George Prussin","Dk. b or br","Smart Strike","Mr. Prospector","Achieving","Bernardini","Winchell Thoroughbreds LLC","",0,0.000,04/15/2016,"","L","",0.00,0,"Geroux F","Asmussen Steven M",6,147.600,3,2,1,0,0.000,0,0,0,0,147.600,3,2,1,0,0.000,0,0,0,0,0.000,0,0,0,0,147.600,3,2,1,0,0.000,0,0,0,0,147.600,3,2,1,0,"",0,0.000,0,0,0,0.00,0.00,449,0.000,94,59,72,0.21,0.50,0,0.000,0,0,0,0.00,0.00,586,0.000,118,89,79,0.20,0.49,0,0.000,0,0,0,"",,0,,100.000,"N","2015-16",0,0.00,0.00,64,0.23,1.67
"Pim",05/21/2016,9,"",116,"Big Louie D","D","N","c",2013,1,"Ky","Crossed Sabres Farm","Gr/ro","Stormy Atlantic","Storm Cat","Mecanique","Maria's Mon","Alexandria Stable","KEESEP",14,70.000,11/15/2015,"","L","",0.00,0,"Navarro J","Servis John C",7,91.800,3,2,1,0,0.000,0,0,0,0,91.800,3,2,1,0,0.000,0,0,0,0,0.000,0,0,0,0,91.800,3,2,1,0,0.000,0,0,0,0,30.000,1,1,0,0,"",0,0.000,0,0,0,0.00,0.00,107,0.000,23,18,7,0.22,0.45,0,0.000,0,0,0,0.00,0.00,81,0.000,28,12,6,0.35,0.57,0,0.000,0,0,0,"",,0,,25.000,"N","2015-16",2,4.90,0.50,81,0.33,3.33
"Pim",05/21/2016,9,"",116,"Formal Summation","D","N","c",2013,4,"Fla","Lynne Boutte & Chris Boutte","Dk. b or br","In Summation","Put It Back","Formal Desire","Formal Dinner","Tommy Roberts Racing Stable LLC","OBSAUG",14,6.200,04/23/2016,"","L","",0.00,0,"McCarthy T","O'Connell Kathleen",8,7.000,3,0,1,0,104.963,6,2,1,0,111.963,9,2,2,0,47.000,2,1,0,0,0.900,1,0,0,0,111.063,8,2,2,0,0.000,0,0,0,0,23.763,3,0,1,0,"",23,0.000,5,8,1,0.22,0.61,420,0.000,77,83,59,0.18,0.52,0,0.000,0,0,0,0.00,0.00,281,0.000,39,39,31,0.14,0.39,0,0.000,0,0,0,"",,0,12/19/2015,2.500,"N","2015-16",0,0.00,0.00,29,0.10,0.83
"Pim",05/21/2016,10,"",118,"Monster Sleeping","D","N","m",2009,3,"Md","Mr. & Mrs. Kenneth C. Holt & Mr. & Mrs. Mark Vogel","Dk. b or br","Oratory","Pulpit","Bold Questor","Norquestor","Charles J. Reed","",0,0.000,04/03/2016,"","L","",0.00,0,"McCarthy T","Capuano Dale",1,34.827,1,1,0,0,132.570,7,2,0,2,516.707,48,10,10,9,4.690,4,0,0,0,283.507,16,4,3,2,233.200,32,6,7,7,1.560,1,0,0,0,6.060,2,0,0,0,"",23,0.000,5,8,1,0.22,0.61,420,0.000,77,83,59,0.18,0.52,4,0.000,0,1,0,0.00,0.25,103,0.000,14,14,18,0.14,0.45,0,0.000,0,0,0,"",,0,11/26/2015,3.500,"N","2015-16",8,0.00,0.00,59,0.14,1.44
"Pim",05/21/2016,10,"",118,"Peace Prize","F","N","f",2012,2,"Ire","Glashare House Stud","B.","Alfred Nobel*Ire","Danehill Dancer*Ire","Applaud","Rahy","Flying Pheasant Farm LLC","",0,0.000,05/07/2016,"","L","",0.00,0,"Francois K","Delozier Joseph III",2,6.720,1,0,1,0,16.264,8,2,0,1,22.984,9,2,1,1,0.000,0,0,0,0,22.984,6,2,1,1,0.000,3,0,0,0,0.000,0,0,0,0,6.720,1,0,1,0,"",9,0.000,1,0,2,0.11,0.33,165,0.000,17,14,21,0.10,0.32,1,0.000,0,0,0,0.00,0.00,13,0.000,2,0,0,0.15,0.15,0,0.000,0,0,0,"",,0,07/20/2015,4.994,"N","2015-16",1,0.00,0.00,9,0.22,7.00
"Pim",05/21/2016,10,"",118,"Tiger Ride","D","N","f",2012,3,"Ky","Dixiana Farms LLC","B.","Candy Ride*Arg","Ride the Rails","Royal Tigress","Storm Cat","Dixiana Farms LLC","",0,0.000,04/16/2016,"","L","",0.00,0,"Prado E S","Motion H Graham",3,39.750,2,0,1,0,295.780,7,4,0,0,373.430,11,5,1,1,60.295,1,1,0,0,174.835,6,3,0,0,198.595,5,2,1,1,0.000,0,0,0,0,54.450,4,2,0,0,"",15,0.000,4,2,4,0.27,0.67,148,0.000,18,23,18,0.12,0.40,2,0.000,0,0,1,0.00,0.50,199,0.000,24,39,35,0.12,0.49,0,0.000,0,0,0,"PIM",05/20/16,9,10/24/2015,60.000,"N","2015-16",0,0.00,0.00,34,0.24,2.84
"Pim",05/21/2016,10,"",118,"Camille Claudel","D","N","m",2011,4,"Ky","Gail Cullen & Jeanne Owens","Gr/ro","Broken Vow","Unbridled","Charming Ruckus","Silver Charm","Sycamore Racing II","",0,0.000,03/19/2016,"","L","",0.00,0,"NO RIDER","Abbott Francis III",4,12.600,1,1,0,0,30.000,2,1,1,0,98.437,9,3,3,0,35.400,2,2,0,0,0.000,0,0,0,0,98.437,9,3,3,0,0.000,0,0,0,0,0.000,0,0,0,0,"",0,0.000,0,0,0,0.00,0.00,0,0.000,0,0,0,0.00,0.00,1,0.000,1,0,0,1.00,1.00,28,0.000,4,2,2,0.14,0.29,0,0.000,0,0,0,"PIM",05/20/16,9,06/20/2015,25.000,"N","2015-16",0,0.00,0.00,0,0.00,0.00
"Pim",05/21/2016,10,"",118,"Ol' Fashion Gal","D","N","f",2012,3,"Ky","John C. Oxley","Ch.","Sky Mesa","Pulpit","Little Hussy","Horse Chestnut*SAf","Bill & Vicki Poston Racing, Inc.","KEESEP",13,60.000,04/20/2016,"","L","",0.00,0,"Leparoux J R","Casse Mark",5,22.440,2,0,2,0,74.537,3,1,0,0,220.827,8,3,2,0,0.000,0,0,0,0,147.290,6,2,2,0,73.537,2,1,0,0,0.000,0,0,0,0,13.200,1,0,1,0,"",0,0.000,0,0,0,0.00,0.00,365,0.000,69,39,47,0.19,0.42,0,0.000,0,0,0,0.00,0.00,360,0.000,65,56,52,0.18,0.48,0,0.000,0,0,0,"",,0,05/24/2015,20.000,"N","2015-16",2,0.00,0.00,137,0.27,2.08
"Pim",05/21/2016,10,"",118,"Nisharora","F","N","m",2011,2,"Ire","Angelo Robiati","Ch.","Excellent Art*GB","Pivotal*GB","Art Fair*GB","Alzao","Valor Ladies, LLC","",0,0.000,04/16/2016,"","L","",0.00,0,"Karamanos H A","Rubley Kelly",6,7.500,1,0,0,1,42.140,5,1,1,1,93.723,11,3,2,2,0.000,0,0,0,0,93.723,11,3,2,2,0.000,0,0,0,0,0.000,0,0,0,0,14.640,2,0,1,1,"",17,0.000,1,3,6,0.06,0.59,261,0.000,43,33,44,0.16,0.46,0,0.000,0,0,0,0.00,0.00,30,0.000,1,5,5,0.03,0.37,0,0.000,0,0,0,"",,0,12/27/2015,10.000,"N","2015-16",0,0.00,0.00,3,0.33,2.53
"Pim",05/21/2016,10,"",118,"Flying Tipat","D","N","f",2012,4,"Ky","Frank Jones","B.","Tapit","Pulpit","Flying Marlin","Marlin","Frank L. Jones, Jr.","",0,0.000,04/03/2016,"","L","",0.00,0,"Lanerie C J","Romans Dale",7,25.080,3,1,0,0,57.850,10,0,2,2,125.830,16,2,2,3,11.054,1,0,0,1,114.776,15,2,2,2,11.054,1,0,0,1,0.000,0,0,0,0,75.694,8,1,2,2,"",0,0.000,0,0,0,0.00,0.00,491,0.000,74,64,56,0.15,0.40,0,0.000,0,0,0,0.00,0.00,174,0.000,23,29,18,0.13,0.40,0,0.000,0,0,0,"",,0,11/13/2015,300.000,"N","2015-16",0,0.00,0.00,258,0.17,2.19
"Pim",05/21/2016,10,"",118,"Josdesanimaux","D","N","f",2012,2,"Fla","Palm Beach Racing II, LLC","B.","Leroidesanimaux*Brz","Candy Stripes","Jost d'Oro","Medaglia d'Oro","Palm Beach Racing","",0,0.000,04/09/2016,"","L","",0.00,0,"Lezcano J","Casse Mark",8,15.000,1,0,1,0,177.300,5,4,0,0,193.380,9,4,1,0,0.000,0,0,0,0,193.020,8,4,1,0,0.360,1,0,0,0,0.000,0,0,0,0,56.460,5,2,1,0,"",0,0.000,0,0,0,0.00,0.00,292,0.000,37,32,47,0.13,0.40,0,0.000,0,0,0,0.00,0.00,360,0.000,65,56,52,0.18,0.48,0,0.000,0,0,0,"",,0,09/05/2015,20.410,"N","2015-16",0,0.00,0.00,102,0.23,2.30
"Pim",05/21/2016,10,"",118,"Mizz Money","D","N","f",2012,2,"Ky","Bernie Flint, Ron Hillerich & LTB Inc.","Gr/ro","Mizzen Mast","Cozzene","Abbeyville Miss","Grand Slam","L. T. B., Inc & Hillerich Racing Inc.","",0,0.000,03/26/2016,"","L","",0.00,0,"Castellano J J","Flint Bernard S",9,60.260,4,1,2,1,184.554,12,4,2,0,248.248,18,5,4,2,1.786,2,0,0,0,233.628,13,5,4,1,14.620,5,0,0,1,0.000,0,0,0,0,54.260,3,1,2,0,"",0,0.000,0,0,0,0.00,0.00,566,0.000,124,95,81,0.22,0.53,0,0.000,0,0,0,0.00,0.00,55,0.000,9,12,4,0.16,0.45,0,0.000,0,0,0,"",,0,12/26/2015,12.500,"N","2015-16",0,0.00,0.00,1,0.00,0.00
"Pim",05/21/2016,10,"",118,"Ginger N Rye","D","N","f",2012,3,"Md","Sagamore Farm, LLC","Ch.","More Than Ready","Southern Halo","La Milanesa","Mr. Greeley","Sagamore Farm","",0,0.000,04/16/2016,"","L","",0.00,0,"Carrasco V R","DePaz Horacio",10,20.000,1,0,1,0,66.228,4,2,1,0,126.688,9,3,3,0,36.660,2,1,1,0,87.028,6,2,2,0,39.660,3,1,1,0,0.000,0,0,0,0,23.640,2,1,0,0,"",27,0.000,2,6,3,0.07,0.41,409,0.000,71,57,51,0.17,0.44,0,0.000,0,0,0,0.00,0.00,9,0.000,0,2,1,0.00,0.33,0,0.000,0,0,0,"",,0,10/24/2015,50.000,"N","2015-16",0,0.00,0.00,3,0.00,0.00
"Pim",05/21/2016,10,"",118,"Vielsalm","D","N","m",2010,2,"Md","Dr. & Mrs. Thomas Bowman & Brooke Bowman","B.","Fairbanks","Giant's Causeway","Merriweather","Opening Verse","Brooke Bowman","",0,0.000,04/24/2016,"","L","",0.00,0,"Boyce F","Ashby Lynn",11,0.000,1,0,0,0,84.371,8,2,2,1,258.787,32,6,8,5,18.760,4,1,1,1,201.242,22,4,6,3,57.545,10,2,2,2,18.614,4,0,1,1,82.631,12,2,3,1,"",9,0.000,1,1,0,0.11,0.22,163,0.000,16,21,18,0.10,0.34,0,0.000,0,0,0,0.00,0.00,20,0.000,3,1,1,0.15,0.25,0,0.000,0,0,0,"",,0,11/15/2015,2.500,"N","2015-16",0,0.00,0.00,3,0.33,2.07
"Pim",05/21/2016,10,"",118,"Heath","D","N","f",2012,4,"Ky","Claiborne Farm & Adele B. Dilschneider","Ch.","Pulpit","A.P. Indy","Greenery","Galileo*Ire","Claiborne Farm & Adele B. Dilschneider","",0,0.000,04/27/2016,"","L","",0.00,0,"Geroux F","Mott William I",12,38.400,1,1,0,0,125.100,7,2,1,2,163.700,9,3,1,2,0.000,0,0,0,0,163.500,8,3,1,2,0.200,1,0,0,0,0.000,0,0,0,0,52.000,3,2,0,1,"",0,0.000,0,0,0,0.00,0.00,449,0.000,94,59,72,0.21,0.50,0,0.000,0,0,0,0.00,0.00,236,0.000,31,32,26,0.13,0.38,0,0.000,0,0,0,"",,0,09/19/2015,50.000,"N","2015-16",0,0.00,0.00,21,0.24,3.52
"Pim",05/21/2016,11,"",116,"Lazarus Project","D","N","c",2013,2,"Ky","Greenwood Lodge Farm, Inc.","B.","Discreetly Mine","Mineshaft","Oil Empress","Empire Maker","Leonard C. Green & Robert McLynn","OBSAPR",15,40.000,04/03/2016,"","L","",0.00,0,"Stevens G L","Orseno Joseph",1,36.360,3,1,2,0,45.200,2,1,1,0,81.560,5,2,3,0,0.000,0,0,0,0,0.000,0,0,0,0,81.560,5,2,3,0,0.000,0,0,0,0,0.000,0,0,0,0,"",0,0.000,0,0,0,0.00,0.00,117,0.000,15,23,19,0.13,0.49,0,0.000,0,0,0,0.00,0.00,103,0.000,12,12,10,0.12,0.33,0,0.000,0,0,0,"",,0,11/21/2015,5.000,"N","2015-16",0,0.00,0.00,0,0.00,0.00
"Pim",05/21/2016,11,"",116,"Cadeyrn","D","Y","c",2013,3,"Ky","T. F. VanMeter, Gaines-Gentry Thoroughbreds & Fox Strauss","Dk. b or br","Malibu Moon","A.P. Indy","Dream Street","Tale of the Cat","Tom O'Grady","EASMAY",15,160.000,02/20/2016,"","L","",0.00,0,"Rosario J","Englehart Jeremiah C",2,42.000,2,1,0,1,18.000,2,0,1,1,60.000,4,1,1,2,0.000,0,0,0,0,0.000,0,0,0,0,60.000,4,1,1,2,0.000,0,0,0,0,18.000,2,0,1,1,"",0,0.000,0,0,0,0.00,0.00,249,0.000,47,44,41,0.19,0.53,0,0.000,0,0,0,0.00,0.00,146,0.000,26,21,33,0.18,0.55,0,0.000,0,0,0,"",,0,12/13/2015,95.000,"N","2015-16",0,0.00,0.00,1,0.00,0.00
"Pim",05/21/2016,11,"",116,"Kingslayer","D","N","c",2013,2,"Ky","Offshoot Farm LLC","B.","Ghostzapper","Awesome Again","Leigh Lake","Kris S.","John A. Sullivan","",0,0.000,04/30/2016,"","L","",0.00,0,"Navarro J","Servis John C",3,74.500,4,2,1,1,9.000,3,0,0,1,83.500,7,2,1,2,30.000,1,1,0,0,0.000,0,0,0,0,83.500,7,2,1,2,0.000,0,0,0,0,5.500,1,0,0,1,"",0,0.000,0,0,0,0.00,0.00,107,0.000,23,18,7,0.22,0.45,0,0.000,0,0,0,0.00,0.00,81,0.000,28,12,6,0.35,0.57,0,0.000,0,0,0,"",,0,11/29/2015,60.000,"N","2015-16",2,4.90,0.50,81,0.33,3.33
"Pim",05/21/2016,11,"",116,"Voluntario","D","N","c",2013,3,"Ky","Michael Feuerborn & Amy Feuerborn","B.","Hold Me Back","Giant's Causeway","Cliff's Secret","The Cliff's Edge","Luis Archilla","",0,0.000,04/15/2016,"","L","",0.00,0,"Lezcano J","Rodriguez Rudy R",4,53.600,3,1,1,1,33.932,3,1,0,0,87.532,6,2,1,1,0.000,0,0,0,0,0.332,1,0,0,0,87.200,5,2,1,1,0.000,0,0,0,0,0.000,0,0,0,0,"",0,0.000,0,0,0,0.00,0.00,292,0.000,37,32,47,0.13,0.40,7,0.000,1,2,1,0.14,0.57,244,0.000,58,44,38,0.24,0.57,0,0.000,0,0,0,"",,0,11/14/2015,5.000,"N","2015-16",0,0.00,0.00,2,0.00,0.00
"Pim",05/21/2016,11,"",116,"American Freedom","D","Y","c",2013,4,"Ky","Centaur Farms, Inc.","B.","Pulpit","A.P. Indy","Gottcha Last","Pleasant Tap","Gary & Mary West","KEESEP",14,500.000,05/07/2016,"","L","",0.00,0,"Geroux F","Baffert Bob",5,36.100,2,1,0,0,0.000,0,0,0,0,36.100,2,1,0,0,33.600,1,1,0,0,0.000,0,0,0,0,36.100,2,1,0,0,0.000,0,0,0,0,0.000,0,0,0,0,"",0,0.000,0,0,0,0.00,0.00,449,0.000,94,59,72,0.21,0.50,0,0.000,0,0,0,0.00,0.00,148,0.000,33,26,21,0.22,0.54,0,0.000,0,0,0,"",,0,,50.000,"N","2015-16",0,0.00,0.00,1,0.00,0.00
"Pim",05/21/2016,11,"",116,"Donegal Moon","D","Y","c",2013,3,"Ky","Patchen Wilkes Farm, LLC","Ch.","Malibu Moon","A.P. Indy","Perfect Cause","Giant's Causeway","Donegal Racing","KEESEP",14,220.000,04/09/2016,"","L","",0.00,0,"Castellano J J","Pletcher Todd A",6,40.322,4,1,0,0,62.930,5,1,1,1,103.252,9,2,1,1,11.200,1,0,1,0,8.300,1,0,0,1,94.952,8,2,1,0,0.000,0,0,0,0,18.700,3,0,1,0,"",0,0.000,0,0,0,0.00,0.00,566,0.000,124,95,81,0.22,0.53,0,0.000,0,0,0,0.00,0.00,505,0.000,117,75,67,0.23,0.51,0,0.000,0,0,0,"",,0,11/28/2015,95.000,"N","2015-16",2,2.30,0.50,321,0.26,1.70
"Pim",05/21/2016,11,"",116,"Dazzling Gem","D","Y","c",2013,3,"Ky","Lisa Reynolds & Jennifer Feiner","B.","Misremembered","Candy Ride*Arg","Dazzler","Vindication","Steve Landers Racing LLC","KEESEP",14,95.000,04/16/2016,"","L","",0.00,0,"Saez L","Cox Brad H",7,232.800,4,2,0,1,0.000,0,0,0,0,232.800,4,2,0,1,0.000,0,0,0,0,0.000,0,0,0,0,232.800,4,2,0,1,0.000,0,0,0,0,42.000,1,1,0,0,"",0,0.000,0,0,0,0.00,0.00,592,0.000,89,87,81,0.15,0.43,0,0.000,0,0,0,0.00,0.00,187,0.000,54,22,29,0.29,0.56,0,0.000,0,0,0,"",,0,,3.500,"N","2015-16",0,0.00,0.00,10,0.20,3.26
"Pim",05/21/2016,11,"",116,"Moon King","D","N","c",2013,4,"Ky","Diamond A Racing Corp.","B.","Malibu Moon","A.P. Indy","Goldilocks' Cat","Seeking the Gold","John C. Oxley","OBSMAR",15,675.000,05/07/2016,"","L","",0.00,0,"Leparoux J R","Casse Mark",8,51.640,4,1,1,0,4.150,1,0,0,0,55.790,5,1,1,0,0.000,0,0,0,0,0.000,0,0,0,0,55.790,5,1,1,0,0.000,0,0,0,0,49.600,3,1,1,0,"",0,0.000,0,0,0,0.00,0.00,365,0.000,69,39,47,0.19,0.42,0,0.000,0,0,0,0.00,0.00,360,0.000,65,56,52,0.18,0.48,0,0.000,0,0,0,"",,0,07/25/2015,95.000,"N","2015-16",2,0.00,0.00,137,0.27,2.08
"Pim",05/21/2016,11,"",116,"Charmed Victory","D","Y","r",2013,3,"Md","Sycamore Hall Thoroughbreds, LLC","B.","Flatter","A.P. Indy","American Victory","Victory Gallop","Hillwood Stable LLC & Richard L. Golden","EASSEP",14,260.000,04/29/2016,"","L","",0.00,0,"Carrasco V R","Jenkins Rodney",9,48.372,4,1,1,0,29.640,1,1,0,0,78.012,5,2,1,0,0.000,0,0,0,0,0.000,1,0,0,0,78.012,4,2,1,0,0.000,0,0,0,0,2.250,1,0,0,0,"",27,0.000,2,6,3,0.07,0.41,409,0.000,71,57,51,0.17,0.44,1,0.000,0,0,1,0.00,1.00,28,0.000,1,2,7,0.04,0.36,0,0.000,0,0,0,"",,0,12/19/2015,30.000,"N","2015-16",7,4.97,0.57,60,0.22,1.82
"Pim",05/21/2016,11,"",116,"Discreet Lover","D","N","c",2013,2,"Fla","Woodford Thoroughbreds","B.","Repent","Louis Quatorze","Discreet Chat","Discreet Cat","Trin-Brook Stables, Inc.","EASMAY",15,10.000,05/07/2016,"","L","",0.00,0,"Flores J L","St Lewis Uriah",10,36.310,4,0,2,1,84.840,7,1,1,1,121.150,11,1,3,2,20.500,2,0,1,0,0.000,0,0,0,0,121.150,11,1,3,2,0.000,0,0,0,0,25.610,2,0,1,1,"",0,0.000,0,0,0,0.00,0.00,119,0.000,17,21,20,0.14,0.49,0,0.000,0,0,0,0.00,0.00,97,0.000,4,10,11,0.04,0.26,0,0.000,0,0,0,"",,0,11/14/2015,1.000,"N","2015-16",0,0.00,0.00,22,0.09,4.30
"Pim",05/21/2016,11,"",116,"I Came to Party","D","N","g",2013,3,"Cal","Ellen Jackson, Kevin Nish & Kim Nish","Dk. b or br","Bold Chieftain","Chief Seattle","Onefunsonofagun","Decarchy","Ronald Clark","",0,0.000,04/23/2016,"","L","",0.00,0,"McCarthy T","Brooks Gerald E",11,45.640,5,1,1,2,15.060,4,1,1,0,60.700,9,2,2,2,21.400,2,1,0,1,3.380,2,0,1,0,57.320,7,2,1,2,0.000,0,0,0,0,0.000,0,0,0,0,"",23,0.000,5,8,1,0.22,0.61,420,0.000,77,83,59,0.18,0.52,2,0.000,1,0,0,0.50,0.50,119,0.000,18,25,19,0.15,0.52,0,0.000,0,0,0,"PIM",05/21/16,6,12/20/2015,3.000,"N","2015-16",2,3.00,0.50,7,0.14,0.86
"Pim",05/21/2016,11,"",116,"Fearless Dragon","D","N","c",2013,4,"Ky","Mark Stansell & Speightstown Syndicate","Ch.","Speightstown","Gone West","Trippi Street","Trippi","Southern Equine Stable LLC & Robert G. L","KEESEP",14,190.000,04/24/2016,"","L","",0.00,0,"Pedroza M A","Guillot Eric",12,36.585,3,1,0,0,0.000,0,0,0,0,36.585,3,1,0,0,0.000,0,0,0,0,0.000,0,0,0,0,36.585,3,1,0,0,0.000,0,0,0,0,0.000,0,0,0,0,"",0,0.000,0,0,0,0.00,0.00,203,0.000,26,27,25,0.13,0.38,0,0.000,0,0,0,0.00,0.00,28,0.000,3,3,3,0.11,0.32,0,0.000,0,0,0,"",,0,,100.000,"N","2015-16",0,0.00,0.00,0,0.00,0.00
"Pim",05/21/2016,11,"",116,"Gone Local","D","N","c",2013,4,"Fla","Tim James Mawhinney & Karen Faye Mawhinney","Dk. b or br","Gone Astray","Dixie Union","Local Gossip","Horse Chestnut*SAf","Tim Mawhinney & Kathleen O'Connell","OBSAPR",15,20.000,01/26/2016,"","L","",0.00,0,"Prado E S","O'Connell Kathleen",13,17.700,2,1,0,0,6.400,2,0,1,0,24.100,4,1,1,0,17.700,1,1,0,0,0.000,0,0,0,0,24.100,4,1,1,0,0.000,0,0,0,0,0.000,1,0,0,0,"",15,0.000,4,2,4,0.27,0.67,148,0.000,18,23,18,0.12,0.40,0,0.000,0,0,0,0.00,0.00,281,0.000,39,39,31,0.14,0.39,0,0.000,0,0,0,"",,0,12/19/2015,4.500,"N","2015-16",0,0.00,0.00,2,0.50,20.40
"Pim",05/21/2016,11,"",116,"Gettysburg","D","Y","c",2013,3,"Ky","Whisper Hill Farm","Gr/ro","Pioneerof the Nile","Empire Maker","L. A. Devine","Pulpit","WinStar Farm LLC","KEESEP",14,425.000,04/16/2016,"","L","",0.00,0,"Velazquez J R","Pletcher Todd A",14,151.300,4,1,1,0,4.215,2,0,0,1,155.515,6,1,1,1,0.215,1,0,0,0,0.000,0,0,0,0,155.515,6,1,1,1,0.000,0,0,0,0,10.000,2,0,0,1,"",0,0.000,0,0,0,0.00,0.00,333,0.000,69,44,43,0.21,0.47,0,0.000,0,0,0,0.00,0.00,505,0.000,117,75,67,0.23,0.51,0,0.000,0,0,0,"",,0,12/12/2015,125.000,"N","2015-16",4,0.80,0.25,465,0.27,1.87
"Pim",05/21/2016,12,"",118,"Long On Value","D","N","h",2011,3,"Va","Snow Lantern Thoroughbreds","B.","Value Plus","Unbridled's Song","Long Message","Orientate","Wachtel Stable & George J. Kerr","",0,0.000,04/02/2016,"","L","",0.00,0,"Geroux F","Mott William I",1,34.920,2,0,1,0,142.560,4,1,0,1,596.118,20,6,3,2,24.000,2,1,0,0,519.618,14,4,3,1,76.500,6,2,0,1,18.000,1,0,0,0,71.088,4,0,1,0,"",0,0.000,0,0,0,0.00,0.00,449,0.000,94,59,72,0.21,0.50,0,0.000,0,0,0,0.00,0.00,236,0.000,31,32,26,0.13,0.38,0,0.000,0,0,0,"",,0,06/13/2015,4.500,"N","2015-16",0,0.00,0.00,21,0.24,3.52
"Pim",05/21/2016,12,"",118,"Za Approval","D","N","g",2008,4,"Ky","Live Oak Stud","Gr/ro","Ghostzapper","Awesome Again","Win Approval","With Approval","Live Oak Plantation","",0,0.000,10/18/2015,"","L","",0.00,0,"Leparoux J R","Casse Mark",2,177.595,9,1,2,3,179.726,6,1,1,1,1392.666,32,9,9,4,0.000,0,0,0,0,1348.501,28,9,8,2,44.165,4,0,1,2,0.000,0,0,0,0,129.266,6,2,2,0,"",0,0.000,0,0,0,0.00,0.00,365,0.000,69,39,47,0.19,0.42,0,0.000,0,0,0,0.00,0.00,360,0.000,65,56,52,0.18,0.48,0,0.000,0,0,0,"",,0,11/28/2014,60.000,"N","2015-16",2,0.00,0.00,137,0.27,2.08
"Pim",05/21/2016,12,"",118,"Captain Dixie","D","N","h",2011,5,"Ky","Randal Family Trust, R David & Marylyn A Randal Trustees","B.","Henrythenavigator","Kingmambo","Dixie Dos","Dixieland Band","James C. Wolf, Timothy N. Hopkins & Jagg","",0,0.000,04/30/2016,"","L","",0.00,0,"Juarez N","Ness Jamie",3,44.710,4,1,2,1,53.615,6,1,2,1,227.031,18,4,6,3,0.000,0,0,0,0,227.031,18,4,6,3,0.000,0,0,0,0,0.000,0,0,0,0,93.321,8,3,2,1,"",8,0.000,1,1,1,0.13,0.38,326,0.000,46,55,44,0.14,0.44,6,0.000,1,2,0,0.17,0.50,279,0.000,56,42,40,0.20,0.49,0,0.000,0,0,0,"",,0,10/15/2015,8.058,"N","2015-16",4,1.90,0.25,20,0.20,1.44
"Pim",05/21/2016,12,"",118,"Takeover Target","D","N","c",2012,3,"Ky","Dorothy A. Matz","B.","Harlan's Holiday","Harlan","Vanquished","Empire Maker","Klaravich Stables, Inc. & William Lawren","KEESEP",13,175.000,04/10/2016,"","L","",0.00,0,"Ortiz I Jr","Brown Chad C",4,42.735,3,0,1,0,558.200,6,3,1,0,645.935,10,4,2,0,0.000,0,0,0,0,645.935,10,4,2,0,0.000,0,0,0,0,0.000,0,0,0,0,171.960,3,2,0,0,"",0,0.000,0,0,0,0.00,0.00,488,0.000,116,104,71,0.24,0.60,0,0.000,0,0,0,0.00,0.00,234,0.000,55,49,29,0.24,0.57,0,0.000,0,0,0,"",,0,10/03/2015,35.000,"N","2015-16",0,0.00,0.00,310,0.27,1.95
"Pim",05/21/2016,12,"",118,"Conquest Typhoon","D","Y","c",2012,3,"Ont-C","Josham Farms Limited","B.","Stormy Atlantic","Storm Cat","Swanky Bubbles","Ascot Knight","Conquest Stables, LLC","KEESEP",13,330.000,04/15/2016,"","L","",0.00,0,"Lezcano J","Casse Mark",5,41.000,3,1,1,0,123.750,4,0,1,1,516.815,13,3,5,1,0.000,0,0,0,0,337.859,9,3,2,0,178.956,4,0,3,1,0.000,0,0,0,0,4.750,2,0,0,0,"",0,0.000,0,0,0,0.00,0.00,292,0.000,37,32,47,0.13,0.40,0,0.000,0,0,0,0.00,0.00,360,0.000,65,56,52,0.18,0.48,0,0.000,0,0,0,"",,0,12/19/2015,25.000,"N","2015-16",0,0.00,0.00,102,0.23,2.30
"Pim",05/21/2016,12,"",118,"Golden Sabre","D","N","g",2010,6,"Ont-C","Sam-Son Farm","Dk. b or br","Medaglia d'Oro","El Prado*Ire","Strike Softly","Smart Strike","Sam-Son Farm","",0,0.000,04/23/2016,"","L","",0.00,0,"NO RIDER","Motion H Graham",6,15.230,2,0,1,0,193.652,5,2,2,0,317.223,15,4,3,1,0.000,0,0,0,0,193.285,11,2,3,1,123.938,4,2,0,0,0.000,0,0,0,0,55.641,3,1,0,1,"",0,0.000,0,0,0,0.00,0.00,0,0.000,0,0,0,0.00,0.00,2,0.000,0,0,1,0.00,0.50,199,0.000,24,39,35,0.12,0.49,0,0.000,0,0,0,"",,0,11/08/2015,150.000,"N","2015-16",0,0.00,0.00,0,0.00,0.00
"Pim",05/21/2016,12,"",118,"Grand Arch","D","N","g",2009,2,"Ky","Hunter Valley Farm & S. Hillen","B.","Arch","Kris S.","Bacinella","El Gran Senor","Jim & Susan Hill","",0,0.000,10/31/2015,"","L","",0.00,0,"Saez L","Lynch Brian A",7,1149.100,6,3,0,1,447.970,7,1,3,1,1807.230,24,7,6,7,0.000,0,0,0,0,1800.629,23,7,6,6,6.601,1,0,0,1,0.000,0,0,0,0,88.316,4,2,1,1,"",0,0.000,0,0,0,0.00,0.00,592,0.000,89,87,81,0.15,0.43,0,0.000,0,0,0,0.00,0.00,98,0.000,23,11,9,0.23,0.44,0,0.000,0,0,0,"",,0,11/01/2014,0.000,"N","2015-16",0,0.00,0.00,60,0.18,1.83
"Pim",05/21/2016,12,"",118,"Prince Gagarin","F","N","c",2012,4,"Ire","Windflower Overseas","B.","Dubawi*Ire","Dubai Millennium*GB","Cara Fantasy*Ire","Sadler's Wells","Anamoine, Ltd.","",0,0.000,04/28/2016,"","L","",0.00,0,"Castellano J J","Matz Michael R",8,31.920,1,1,0,0,35.220,6,0,1,2,120.615,12,3,2,3,0.000,0,0,0,0,120.615,12,3,2,3,0.000,0,0,0,0,0.000,0,0,0,0,31.920,1,1,0,0,"",0,0.000,0,0,0,0.00,0.00,566,0.000,124,95,81,0.22,0.53,3,0.000,1,1,0,0.33,0.67,88,0.000,8,11,7,0.09,0.30,0,0.000,0,0,0,"",,0,09/26/2015,328.843,"N","2015-16",0,0.00,0.00,6,0.00,0.00
"Pim",05/21/2016,12,"",118,"Ring Weekend","D","Y","g",2011,4,"Ky","Gainesway Thoroughbreds Ltd.","Ch.","Tapit","Pulpit","Free the Magic","Cryptoclearance","St. Elias Stable & West Point Thoroughbr","",0,0.000,03/07/2015,"","L","",0.00,0,"Velazquez J R","Motion H Graham",9,240.000,1,1,0,0,842.150,10,4,3,0,1095.410,14,5,3,2,3.060,1,0,0,0,748.650,6,3,2,0,346.760,8,2,1,2,0.000,0,0,0,0,0.000,0,0,0,0,"",0,0.000,0,0,0,0.00,0.00,333,0.000,69,44,43,0.21,0.47,2,0.000,0,0,1,0.00,0.50,199,0.000,24,39,35,0.12,0.49,0,0.000,0,0,0,"",,0,10/31/2014,300.000,"N","2015-16",2,5.20,1.00,66,0.20,1.51
"Pim",05/21/2016,12,"",118,"El Kabeir","D","Y","c",2012,3,"Fla","Rustlewood Farm, Inc.","Gr/ro","Scat Daddy","Johannesburg","Great Venue","Unbridled's Song","Zayat Stables LLC","OBSAUG",13,250.000,02/06/2016,"","L","",0.00,0,"Pedroza M A","Terranova John P II",10,0.345,1,0,0,0,584.000,7,3,1,1,853.237,13,5,2,2,435.000,4,2,1,0,0.000,0,0,0,0,853.237,13,5,2,2,0.000,0,0,0,0,0.000,0,0,0,0,"",0,0.000,0,0,0,0.00,0.00,203,0.000,26,27,25,0.13,0.38,0,0.000,0,0,0,0.00,0.00,76,0.000,10,13,7,0.13,0.39,0,0.000,0,0,0,"",,0,12/26/2015,0.000,"N","2015-16",0,0.00,0.00,0,0.00,0.00
"Pim",05/21/2016,12,"",118,"Force the Pass","D","N","c",2012,3,"Ky","Colts Neck Stables, LLC.","Ch.","Speightstown","Gone West","Social Queen","Dynaformer","Colts Neck Stables LLC","",0,0.000,04/02/2016,"","L","",0.00,0,"Rosario J","Goldberg Alan E",11,19.400,1,0,0,1,1117.754,8,4,2,2,1137.154,9,4,2,3,0.000,0,0,0,0,1137.154,9,4,2,3,0.000,0,0,0,0,20.000,1,0,1,0,0.000,0,0,0,0,"",0,0.000,0,0,0,0.00,0.00,249,0.000,47,44,41,0.19,0.53,1,0.000,0,0,0,0.00,0.00,44,0.000,11,3,6,0.25,0.45,0,0.000,0,0,0,"",,0,09/19/2015,100.000,"N","2015-16",1,0.00,0.00,10,0.40,5.36
"Pim",05/21/2016,12,"",124,"Take the Stand","F","N","h",2011,10,"Arg","Santa Maria de Araras","Dk. b or br","Not For Sale*Arg","Parade Marshal","Taken Away*Brz","Wild Event","Earle I. Mack LLC, Wachtel Stable & Brou","",0,0.000,03/26/2016,"","L","",0.00,0,"Prado E S","Mott William I",12,210.000,2,1,1,0,87.118,6,3,0,0,317.631,12,6,2,1,1.227,1,0,0,1,316.404,11,6,2,0,1.227,1,0,0,1,0.000,0,0,0,0,85.000,3,1,1,0,"",15,0.000,4,2,4,0.27,0.67,148,0.000,18,23,18,0.12,0.40,0,0.000,0,0,0,0.00,0.00,236,0.000,31,32,26,0.13,0.38,0,0.000,0,0,0,"",,0,11/21/2015,0.000,"N","2015-16",0,0.00,0.00,11,0.36,3.83
"Pim",05/21/2016,12,"",118,"Cage Fighter","D","N","h",2010,4,"Fla","Craig L. Wheeler","B.","Closing Argument","Successful Appeal","Untamed Passion","Pulpit","Matthew Schera","",0,0.000,04/23/2016,"","L","",0.00,0,"Navarro J","Lawrence James L II",13,0.000,1,0,0,0,270.650,7,2,2,1,388.471,18,6,5,2,21.478,2,1,0,1,366.993,16,5,5,1,21.478,2,1,0,1,85.650,2,1,1,0,185.263,8,4,3,1,"",0,0.000,0,0,0,0.00,0.00,107,0.000,23,18,7,0.22,0.45,4,0.000,0,0,0,0.00,0.00,61,0.000,6,12,5,0.10,0.38,0,0.000,0,0,0,"",,0,10/31/2015,4.000,"N","2015-16",0,0.00,0.00,6,0.17,1.00
"Pim",05/21/2016,13,"",126,"Cherry Wine","D","Y","c",2013,2,"Ky","Pacella Racing, Frank L Jones, Jr , Frank Shoop","Gr/ro","Paddy O'Prado","El Prado*Ire","C. S. Royce","Unbridled's Song","William Pacella, Frank L. Jones, Jr. & F","",0,0.000,04/09/2016,"","L","",0.00,0,"Lanerie C J","Romans Dale",1,167.800,3,1,0,1,51.078,5,1,1,1,218.878,8,2,1,2,33.000,1,1,0,0,16.932,3,0,1,1,201.946,5,2,0,1,0.000,0,0,0,0,0.000,0,0,0,0,"",0,0.000,0,0,0,0.00,0.00,491,0.000,74,64,56,0.15,0.40,0,0.000,0,0,0,0.00,0.00,174,0.000,23,29,18,0.13,0.40,0,0.000,0,0,0,"",,0,11/28/2015,5.000,"N","2015-16",0,0.00,0.00,258,0.17,2.19
"Pim",05/21/2016,13,"",126,"Uncle Lino","D","Y","c",2013,2,"Ky","JPR Stable, LLC","B.","Uncle Mo","Indian Charlie","Haysee","Orientate","Tom Mansor, Purple Shamrock Racing & Gar","KEESEP",14,52.000,04/30/2016,"","L","",0.00,0,"Perez F H","Sherlock Gary",2,270.960,5,1,1,2,45.200,2,1,1,0,316.160,7,2,2,2,134.000,2,0,1,1,0.000,0,0,0,0,316.160,7,2,2,2,0.000,0,0,0,0,0.000,0,0,0,0,"",0,0.000,0,0,0,0.00,0.00,234,0.000,27,25,30,0.12,0.35,0,0.000,0,0,0,0.00,0.00,55,0.000,5,9,9,0.09,0.42,0,0.000,0,0,0,"",,0,11/29/2015,75.000,"N","2015-16",0,0.00,0.00,37,0.16,4.90
"Pim",05/21/2016,13,"",126,"Nyquist","D","Y","c",2013,3,"Ky","Summerhill Farm","B.","Uncle Mo","Indian Charlie","Seeking Gabrielle","Forestry","Reddam Racing LLC","FTFMAR",15,400.000,05/07/2016,"","L","",0.00,0,"Gutierrez Mario","O'Neill Doug",3,3340.600,3,3,0,0,1613.600,5,5,0,0,4954.200,8,8,0,0,1589.000,1,1,0,0,0.000,0,0,0,0,4954.200,8,8,0,0,0.000,0,0,0,0,1631.600,1,1,0,0,"",0,0.000,0,0,0,0.00,0.00,234,0.000,33,41,30,0.14,0.44,0,0.000,0,0,0,0.00,0.00,254,0.000,46,38,27,0.18,0.44,0,0.000,0,0,0,"",,0,10/31/2015,75.000,"N","2015-16",0,0.00,0.00,269,0.22,1.97
"Pim",05/21/2016,13,"",126,"Awesome Speed","D","Y","c",2013,3,"Ky","Allen Poindexter & Adena Springs","Dk. b or br","Awesome Again","Deputy Minister","Speedy Escape","Aptitude","Colts Neck Stables LLC","FTFMAR",15,335.000,04/09/2016,"","L","",0.00,0,"Toledo J","Goldberg Alan E",4,140.560,3,2,0,0,83.100,3,2,0,0,223.660,6,4,0,0,60.000,1,1,0,0,0.000,0,0,0,0,223.660,6,4,0,0,0.000,0,0,0,0,0.000,0,0,0,0,"",20,0.000,4,4,0,0.20,0.40,338,0.000,45,55,39,0.13,0.41,1,0.000,0,0,0,0.00,0.00,44,0.000,11,3,6,0.25,0.45,0,0.000,0,0,0,"",,0,11/14/2015,75.000,"N","2015-16",2,0.00,0.00,23,0.35,2.70
"Pim",05/21/2016,13,"",126,"Exaggerator","D","Y","c",2013,2,"Ky","Joseph B. Murphy","Dk. b or br","Curlin","Smart Strike","Dawn Raid","Vindication","Big Chief Racing, LLC, Head of Plains Pa","KEESEP",14,110.000,05/07/2016,"","L","",0.00,0,"Desormeaux K J","Desormeaux J Keith",5,1088.000,4,1,2,1,983.120,6,3,1,0,2071.120,10,4,3,1,1300.000,3,2,1,0,0.000,0,0,0,0,2071.120,10,4,3,1,0.000,0,0,0,0,400.000,1,0,1,0,"",0,0.000,0,0,0,0.00,0.00,193,0.000,35,36,28,0.18,0.51,0,0.000,0,0,0,0.00,0.00,68,0.000,11,11,13,0.16,0.51,0,0.000,0,0,0,"",,0,11/21/2015,100.000,"N","2015-16",0,0.00,0.00,166,0.17,1.75
"Pim",05/21/2016,13,"",126,"Lani","D","Y","c",2013,2,"Ky","North Hills Co. Limited","Gr/ro","Tapit","Pulpit","Heavenly Romance*Jpn","Sunday Silence","Koji Maeda","",0,0.000,05/07/2016,"","","",0.00,0,"Take Y","Matsunaga Mikio",6,1215.984,3,1,0,0,150.634,4,2,1,0,1366.618,7,3,1,0,116.799,3,1,1,0,9.119,1,0,0,0,1357.499,6,3,1,0,0.000,0,0,0,0,1200.000,2,1,0,0,"",0,0.000,0,0,0,0.00,0.00,1,0.000,0,0,0,0.00,0.00,0,0.000,0,0,0,0.00,0.00,1,0.000,0,0,0,0.00,0.00,0,0.000,0,0,0,"",,0,11/28/2015,300.000,"N","2015-16",0,0.00,0.00,1,0.00,0.00
"Pim",05/21/2016,13,"",126,"Collected","D","Y","c",2013,3,"Ky","Runnymede Farm Inc. & Peter J. Callahan","Ch.","City Zip","Carson City","Helena Bay*GB","Johannesburg","Speedway Stable LLC","OBSMAR",15,170.000,04/16/2016,"","L","",0.00,0,"Castellano J J","Baffert Bob",7,382.500,4,3,0,0,51.200,2,1,1,0,433.700,6,4,1,0,25.000,1,0,0,0,51.200,2,1,1,0,382.500,4,3,0,0,0.000,0,0,0,0,0.000,0,0,0,0,"",0,0.000,0,0,0,0.00,0.00,566,0.000,124,95,81,0.22,0.53,0,0.000,0,0,0,0.00,0.00,148,0.000,33,26,21,0.22,0.54,0,0.000,0,0,0,"",,0,11/29/2015,40.000,"N","2015-16",0,0.00,0.00,5,0.60,2.96
"Pim",05/21/2016,13,"",126,"Laoban","D","Y","c",2013,1,"Ky","Respite Farm","Dk. b or br","Uncle Mo","Indian Charlie","Chattertown","Speightstown","McCormick Racing LLC & Southern Equine S","KEESEP",14,260.000,04/09/2016,"","L","F",0.00,0,"Geroux F","Guillot Eric",8,142.000,3,0,1,1,9.250,2,0,1,0,151.250,5,0,2,1,0.000,0,0,0,0,0.000,0,0,0,0,151.250,5,0,2,1,0.000,0,0,0,0,0.000,0,0,0,0,"",0,0.000,0,0,0,0.00,0.00,449,0.000,94,59,72,0.21,0.50,0,0.000,0,0,0,0.00,0.00,28,0.000,3,3,3,0.11,0.32,0,0.000,0,0,0,"",,0,12/05/2015,75.000,"N","2015-16",0,0.00,0.00,1,0.00,0.00
"Pim",05/21/2016,13,"",126,"Abiding Star","D","Y","c",2013,3,"Fla","Gilbert G. Campbell","B.","Uncle Mo","Indian Charlie","Abiding","Dynaformer","Stonehedge LLC","",0,0.000,05/07/2016,"","L","",0.00,0,"Acosta J D","Allard Edward T",9,187.410,5,5,0,0,14.975,6,0,1,1,202.385,11,5,1,1,92.400,3,2,0,0,0.300,1,0,0,0,202.085,10,5,1,1,0.000,0,0,0,0,0.000,0,0,0,0,"",0,0.000,0,0,0,0.00,0.00,343,0.000,60,40,47,0.17,0.43,0,0.000,0,0,0,0.00,0.00,23,0.000,8,3,2,0.35,0.57,0,0.000,0,0,0,"",,0,12/18/2015,75.000,"N","2015-16",0,0.00,0.00,12,0.33,3.42
"Pim",05/21/2016,13,"",126,"Fellowship","D","Y","c",2013,3,"Fla","Jacks or Better Farm Inc.","Ch.","Awesome of Course","Awesome Again","Go Girlfriend Go","Demidoff","Jacks or Better Farm, Inc.","",0,0.000,05/07/2016,"","L","",0.00,0,"Lezcano J","Casse Mark",10,183.565,5,0,0,3,391.150,7,2,3,0,574.715,12,2,3,3,95.000,2,0,0,1,0.000,0,0,0,0,574.715,12,2,3,3,0.000,0,0,0,0,0.000,0,0,0,0,"",0,0.000,0,0,0,0.00,0.00,292,0.000,37,32,47,0.13,0.40,0,0.000,0,0,0,0.00,0.00,360,0.000,65,56,52,0.18,0.48,0,0.000,0,0,0,"",,0,11/28/2015,5.000,"N","2015-16",0,0.00,0.00,102,0.23,2.30
"Pim",05/21/2016,13,"",126,"Stradivari","D","Y","c",2013,4,"Ky","John D. Gunther","Dk. b or br","Medaglia d'Oro","El Prado*Ire","Bending Strings","American Chance","John D. Gunther, Michael B. Tabor, Derri","",0,0.000,04/17/2016,"","L","",0.00,0,"Velazquez J R","Pletcher Todd A",11,37.200,1,1,0,0,27.000,2,1,0,0,64.200,3,2,0,0,24.000,1,1,0,0,0.000,0,0,0,0,64.200,3,2,0,0,0.000,0,0,0,0,0.000,0,0,0,0,"",0,0.000,0,0,0,0.00,0.00,333,0.000,69,44,43,0.21,0.47,0,0.000,0,0,0,0.00,0.00,505,0.000,117,75,67,0.23,0.51,0,0.000,0,0,0,"",,0,12/05/2015,150.000,"N","2015-16",4,0.80,0.25,465,0.27,1.87
"Pim",05/21/2016,14,"",119,"Brucarita","D","N","g",2013,2,"Ky","Edith R. Dixon","Ch.","Kitten's Joy","El Prado*Ire","Aunt Henny","Hennessy","Edith R. Dixon","",0,0.000,04/17/2016,"","L","",0.00,0,"Velazquez J R","Matz Michael R",1,7.940,2,0,1,0,0.000,0,0,0,0,7.940,2,0,1,0,0.000,0,0,0,0,7.940,2,0,1,0,0.000,0,0,0,0,0.000,0,0,0,0,4.940,1,0,1,0,"",0,0.000,0,0,0,0.00,0.00,333,0.000,69,44,43,0.21,0.47,3,0.000,1,1,0,0.33,0.67,88,0.000,8,11,7,0.09,0.30,0,0.000,0,0,0,"",,0,,100.000,"N","2015-16",0,0.00,0.00,22,0.09,0.68
"Pim",05/21/2016,14,"",119,"Kid Jeter","D","N","g",2013,3,"Ky","Jerry Jamgotchian","Dk. b or br","Lemon Drop Kid","Kingmambo","Giddyup Gadfly","War Chant","Oh Happy Days Stable","OBSAUG",14,65.000,04/15/2016,"","","B",0.00,0,"Karamanos H A","Rubley Kelly",2,4.880,3,0,0,1,2.575,2,0,0,0,7.455,5,0,0,1,1.650,1,0,0,0,4.880,3,0,0,1,2.575,2,0,0,0,0.000,0,0,0,0,4.880,3,0,0,1,"",17,0.000,1,3,6,0.06,0.59,261,0.000,43,33,44,0.16,0.46,0,0.000,0,0,0,0.00,0.00,30,0.000,1,5,5,0.03,0.37,0,0.000,0,0,0,"",,0,12/18/2015,40.000,"N","2015-16",0,0.00,0.00,3,0.33,2.53
"Pim",05/21/2016,14,"",124,"Gin Fuzz","D","N","g",2012,4,"Md","Michael J. Harrison DVM","B.","Albert the Great","Go for Gin","Hartbreak","Fuzzbuster","Willowdale Farm Racing No. One LLC","",0,0.000,04/30/2016,"","L","",0.00,0,"Toledo J","Smith Hamilton A",3,2.400,1,0,0,0,10.920,1,0,1,0,50.760,7,0,3,1,10.920,1,0,1,0,7.570,3,0,0,1,43.190,4,0,3,0,0.000,0,0,0,0,2.400,1,0,0,0,"",20,0.000,4,4,0,0.20,0.40,338,0.000,45,55,39,0.13,0.41,11,0.000,4,0,0,0.36,0.36,82,0.000,14,5,11,0.17,0.37,0,0.000,0,0,0,"",,0,03/14/2015,2.500,"N","2015-16",29,1.01,0.14,102,0.17,1.75
"Pim",05/21/2016,14,"",119,"Oyster Soup","D","N","g",2013,4,"Md","Thomas Finacchio & Caroline Rebecca Finacchio","Dk. b or br","Friesan Fire","A.P. Indy","Sultry Katrina","Decarchy","Jay A. Reese","EASSEP",14,3.500,05/06/2016,"","L","",0.00,0,"Perez X","Figgins Ollie L III",4,20.271,5,0,2,1,3.146,1,0,0,1,23.417,6,0,2,2,4.719,1,0,0,1,7.371,1,0,1,0,16.046,5,0,1,2,0.000,0,0,0,0,0.000,0,0,0,0,"",10,0.000,2,0,0,0.20,0.20,178,0.000,11,16,22,0.06,0.28,3,0.000,0,0,0,0.00,0.00,121,0.000,25,18,17,0.21,0.50,0,0.000,0,0,0,"",,0,12/19/2015,4.000,"N","2015-16",9,0.00,0.00,62,0.10,0.65
"Pim",05/21/2016,14,"",119,"Hardly Home","D","Y","g",2013,3,"Ky","Stuart S. Janney, III LLC","Dk. b or br","Hard Spun","Danzig","Home Rule","Empire Maker","Stuart S. Janney, III","",0,0.000,04/22/2016,"","L","",0.00,0,"Carrasco V R","McGaughey III Claude R",5,0.171,1,0,0,0,0.000,0,0,0,0,0.171,1,0,0,0,0.000,0,0,0,0,0.171,1,0,0,0,0.000,0,0,0,0,0.000,0,0,0,0,0.171,1,0,0,0,"",27,0.000,2,6,3,0.07,0.41,409,0.000,71,57,51,0.17,0.44,2,0.000,2,0,0,1.00,1.00,84,0.000,18,16,7,0.21,0.49,0,0.000,0,0,0,"",,0,,45.000,"N","2015-16",0,0.00,0.00,1,1.00,7.20
"Pim",05/21/2016,14,"",119,"Colmont Fire","D","N","c",2013,3,"Md","Alison E. Farwell, Jr.","B.","Friesan Fire","A.P. Indy","Double Delta","Double Honor","Colmont Downs","",0,0.000,04/30/2016,"","L","",0.00,0,"Cruz A","Graham Robin L",6,28.360,6,0,2,1,2.000,2,0,0,0,30.360,8,0,2,1,12.120,2,0,1,0,0.800,1,0,0,0,29.560,7,0,2,1,0.000,0,0,0,0,0.000,0,0,0,0,"",13,0.000,0,3,1,0.00,0.31,138,0.000,15,18,16,0.11,0.36,1,0.000,0,0,0,0.00,0.00,41,0.000,4,5,10,0.10,0.46,0,0.000,0,0,0,"",,0,11/29/2015,4.000,"N","2015-16",0,0.00,0.00,0,0.00,0.00
"Pim",05/21/2016,14,"",119,"Hoppala","F","N","g",2013,2,"Ire","Moyglare Stud Farms Ltd","B.","Acclamation*GB","Royal Applause*GB","She's Our Mark*GB","Ishiguru","Gregory S. Bentley","",0,0.000,04/15/2016,"","L","",0.00,0,"Vaz E","Graham Edward",7,0.000,1,0,0,0,8.576,5,0,2,2,8.576,6,0,2,2,0.000,0,0,0,0,8.576,6,0,2,2,0.000,0,0,0,0,0.000,0,0,0,0,0.000,1,0,0,0,"",0,0.000,0,0,0,0.00,0.00,32,0.000,5,5,5,0.16,0.47,0,0.000,0,0,0,0.00,0.00,4,0.000,0,0,0,0.00,0.00,0,0.000,0,0,0,"",,0,08/01/2015,32.590,"N","2015-16",1,0.00,0.00,11,0.18,2.00
"Pim",05/21/2016,14,"",119,"Chris Krispy Kreme","D","N","g",2013,5,"Md","Dark Hollow Farm","Dk. b or br","Not For Love","Mr. Prospector","Memories of Mystic","Dixie Union","The Elkstone Group LLC","EASSEP",14,15.000,04/16/2016,"","L","",0.00,0,"Juarez N","Rubley Kelly",8,0.000,1,0,0,0,0.000,0,0,0,0,0.000,1,0,0,0,0.000,0,0,0,0,0.000,1,0,0,0,0.000,0,0,0,0,0.000,0,0,0,0,0.000,0,0,0,0,"",8,0.000,1,1,1,0.13,0.38,326,0.000,46,55,44,0.14,0.44,0,0.000,0,0,0,0.00,0.00,30,0.000,1,5,5,0.03,0.37,0,0.000,0,0,0,"",,0,,0.000,"N","2015-16",0,0.00,0.00,3,0.00,0.00
"Pim",05/21/2016,14,"M",119,"Joywave","D","N","g",2013,2,"WV","James F. Miller","B.","Harlan's Holiday","Harlan","Cape Cod Bay","Cape Town","Robert V. LaPenta","KEESEP",14,330.000,,"","l","",0.00,0,"NO RIDER","Rodriguez Rudy R",9,0.000,0,0,0,0,0.000,0,0,0,0,0.000,0,0,0,0,0.000,0,0,0,0,0.000,0,0,0,0,0.000,0,0,0,0,0.000,0,0,0,0,0.000,0,0,0,0,"A",0,0.000,0,0,0,0.00,0.00,0,0.000,0,0,0,0.00,0.00,7,0.000,1,2,1,0.14,0.57,244,0.000,58,44,38,0.24,0.57,0,0.000,0,0,0,"",,0,,35.000,"N","2015-16",0,0.00,0.00,0,0.00,0.00
"Pim",05/21/2016,14,"",119,"Map Room","D","N","g",2013,3,"Fla","Glen Hill Farm","B.","Artie Schiller","El Prado*Ire","Holidaysatthefarm","Smarty Jones","Glen Hill Farm","",0,0.000,04/10/2016,"","L","",0.00,0,"Stevens G L","Proctor Thomas F",10,8.214,2,0,0,1,0.000,0,0,0,0,8.214,2,0,0,1,6.720,1,0,0,1,1.494,1,0,0,0,6.720,1,0,0,1,0.000,0,0,0,0,0.000,0,0,0,0,"",0,0.000,0,0,0,0.00,0.00,117,0.000,15,23,19,0.13,0.49,2,0.000,1,0,1,0.50,1.00,134,0.000,20,17,22,0.15,0.44,0,0.000,0,0,0,"",,0,,10.000,"N","2015-16",0,0.00,0.00,41,0.17,1.65
"Pim",05/21/2016,14,"",119,"Mesojet","D","N","c",2013,4,"Fla","Donarra Thoroughbreds, LLC","Ch.","Ghostzapper","Awesome Again","Miz Betty Grace","Matty G","Matthew Schera","EASMAY",15,190.000,04/30/2016,"","L","",0.00,0,"McCarthy T","Lawrence James L II",11,2.900,2,0,0,0,0.000,0,0,0,0,2.900,2,0,0,0,0.000,0,0,0,0,0.000,0,0,0,0,2.900,2,0,0,0,0.000,0,0,0,0,0.000,0,0,0,0,"",23,0.000,5,8,1,0.22,0.61,420,0.000,77,83,59,0.18,0.52,4,0.000,0,0,0,0.00,0.00,61,0.000,6,12,5,0.10,0.38,0,0.000,0,0,0,"",,0,,60.000,"N","2015-16",4,0.00,0.00,25,0.04,0.14
"Pim",05/21/2016,14,"M",124,"Bourbon Commander","D","Y","r",2012,4,"Ky","Stonestreet Holdings LLC, Jerry Frankel & Roy Gottlieb","Gr/ro","Curlin","Smart Strike","Broad Smile","Broad Brush","Morris Bailey","OBSAPR",14,310.000,05/06/2016,"","L","",0.00,0,"Garcia Luis","Gaudet Lacey",12,6.930,1,0,1,0,0.868,4,0,0,0,7.798,5,0,1,0,6.930,1,0,1,0,0.300,1,0,0,0,7.498,4,0,1,0,0.000,0,0,0,0,0.375,2,0,0,0,"B",6,0.000,1,1,0,0.17,0.33,133,0.000,14,14,17,0.11,0.34,8,0.000,0,1,2,0.00,0.38,50,0.000,5,7,9,0.10,0.42,0,0.000,0,0,0,"",,0,06/22/2015,100.000,"N","2015-16",1,0.00,0.00,8,0.13,0.83
"Pim",05/21/2016,14,"",119,"Brute Force","D","N","g",2013,4,"Md","Sagamore Farm, LLC","B.","Quiet American","Fappiano","Hoka He","Dixie Union","Sagamore Farm","",0,0.000,04/16/2016,"","L","",0.00,0,"Prado E S","DePaz Horacio",13,0.000,1,0,0,0,0.000,0,0,0,0,0.000,1,0,0,0,0.000,0,0,0,0,0.000,1,0,0,0,0.000,0,0,0,0,0.000,0,0,0,0,0.000,0,0,0,0,"",15,0.000,4,2,4,0.27,0.67,148,0.000,18,23,18,0.12,0.40,0,0.000,0,0,0,0.00,0.00,9,0.000,0,2,1,0.00,0.33,0,0.000,0,0,0,"",,0,,15.000,"N","2015-16",0,0.00,0.00,0,0.00,0.00
"Pim",05/21/2016,14,"M",124,"Rock Harbor","D","N","c",2012,4,"Ky","Fred W. Hertrich III","B.","Rockport Harbor","Unbridled's Song","Ashtabula","Rahy","Morris Bailey","KEESEP",13,100.000,04/30/2016,"","L","",0.00,0,"Toledo J","Gaudet Lacey",14,4.900,2,0,0,1,7.383,5,0,0,2,12.283,8,0,0,3,0.000,0,0,0,0,6.828,5,0,0,2,5.455,3,0,0,1,0.000,0,0,0,0,4.955,2,0,0,1,"B",20,0.000,4,4,0,0.20,0.40,338,0.000,45,55,39,0.13,0.41,8,0.000,0,1,2,0.00,0.38,50,0.000,5,7,9,0.10,0.42,0,0.000,0,0,0,"",,0,12/20/2015,7.500,"N","2015-16",3,0.00,0.00,18,0.00,0.00
"Pim",05/21/2016,14,"",119,"Habits","D","N","g",2013,2,"Ky","CFP Thoroughbreds LLC","Dk. b or br","More Than Ready","Southern Halo","Kiss the Devil","Kris S.","Robert V. LaPenta","FTKOCT",14,295.000,04/23/2016,"","l","B",0.00,0,"Saez L","Rodriguez Rudy R",15,2.050,1,0,0,0,0.000,0,0,0,0,2.050,1,0,0,0,0.000,0,0,0,0,2.050,1,0,0,0,0.000,0,0,0,0,0.000,0,0,0,0,0.000,0,0,0,0,"A",0,0.000,0,0,0,0.00,0.00,592,0.000,89,87,81,0.15,0.43,7,0.000,1,2,1,0.14,0.57,244,0.000,58,44,38,0.24,0.57,0,0.000,0,0,0,"",,0,,50.000,"N","2015-16",0,0.00,0.00,27,0.26,3.54
